failure_id,turbine_id,component,failure_date,downtime_hours,repair_cost_usd
FAIL-00000,TURB-0008,Control System,2020-12-22,417.1,40754.74
FAIL-00001,TURB-0006,Generator,2022-01-04,252.05,9339.63
FAIL-00002,TURB-0016,Tower,2021-01-06,343.57,26065.79
FAIL-00003,TURB-0025,Gearbox,2022-05-18,37.08,8084.58
FAIL-00004,TURB-0001,Blade,2021-02-26,263.47,45763.12
FAIL-00005,TURB-0023,Generator,2023-04-25,372.78,31846.68
FAIL-00006,TURB-0030,Yaw System,2022-05-16,281.63,29416.59
FAIL-00007,TURB-0045,Yaw System,2022-06-05,79.27,9005.13
FAIL-00008,TURB-0008,Tower,2023-09-02,56.41,18294.91
FAIL-00009,TURB-0014,Yaw System,2022-02-14,65.43,26711.92
FAIL-00010,TURB-0040,Generator,2020-10-09,96.9,41559.72
FAIL-00011,TURB-0001,Gearbox,2023-12-09,237.05,21183.95
FAIL-00012,TURB-0011,Gearbox,2020-01-18,493.64,31255.32
FAIL-00013,TURB-0027,Tower,2022-08-10,406.02,13066.19
FAIL-00014,TURB-0009,Gearbox,2021-06-28,418.27,13538.84
FAIL-00015,TURB-0022,Generator,2024-07-18,310.54,13706.4
FAIL-00016,TURB-0045,Tower,2023-06-18,262.86,2445.86
FAIL-00017,TURB-0010,Gearbox,2021-12-16,202.95,34939.94
FAIL-00018,TURB-0001,Tower,2024-03-12,250.71,45686.12
FAIL-00019,TURB-0005,Control System,2020-05-13,55.94,14775.31
FAIL-00020,TURB-0041,Generator,2021-01-01,480.79,16831.71
FAIL-00021,TURB-0027,Blade,2023-07-11,92.12,16030.94
FAIL-00022,TURB-0023,Generator,2020-08-31,13.44,44921.84
FAIL-00023,TURB-0007,Control System,2020-10-01,326.36,48568.08
FAIL-00024,TURB-0039,Tower,2022-01-03,433.56,3496.34
FAIL-00025,TURB-0006,Control System,2024-05-15,25.4,35254.61
FAIL-00026,TURB-0031,Generator,2023-05-17,228.62,37936.78
FAIL-00027,TURB-0025,Control System,2022-12-13,443.16,18945.65
FAIL-00028,TURB-0021,Gearbox,2020-10-12,246.33,48595.04
FAIL-00029,TURB-0015,Generator,2022-07-04,153.48,25140.9
FAIL-00030,TURB-0045,Generator,2023-02-07,68.0,39492.38
FAIL-00031,TURB-0029,Control System,2020-02-05,135.68,47158.21
FAIL-00032,TURB-0045,Gearbox,2022-07-27,209.64,39790.65
FAIL-00033,TURB-0030,Tower,2024-10-28,163.48,10514.05
FAIL-00034,TURB-0042,Control System,2024-07-18,340.61,39037.45
FAIL-00035,TURB-0006,Tower,2023-11-05,148.65,39790.92
FAIL-00036,TURB-0004,Blade,2022-05-09,291.71,31299.46
FAIL-00037,TURB-0016,Yaw System,2022-04-30,222.53,44210.94
FAIL-00038,TURB-0017,Control System,2023-12-09,451.57,24793.06
FAIL-00039,TURB-0022,Yaw System,2023-06-17,257.18,3008.45
FAIL-00040,TURB-0043,Gearbox,2022-08-01,370.77,30582.91
FAIL-00041,TURB-0032,Control System,2022-07-26,39.79,13708.35
FAIL-00042,TURB-0038,Tower,2020-02-15,29.99,13678.48
FAIL-00043,TURB-0046,Gearbox,2023-03-12,167.09,14809.08
FAIL-00044,TURB-0044,Blade,2023-11-05,182.44,28570.56
FAIL-00045,TURB-0006,Blade,2023-02-15,53.78,44528.57
FAIL-00046,TURB-0031,Blade,2022-03-02,442.14,42135.75
FAIL-00047,TURB-0037,Generator,2021-03-01,308.37,40616.99
FAIL-00048,TURB-0022,Control System,2020-06-24,220.37,6534.72
FAIL-00049,TURB-0037,Tower,2020-11-20,375.74,4348.82
FAIL-00050,TURB-0044,Blade,2021-01-15,179.84,22362.76
FAIL-00051,TURB-0031,Blade,2021-02-26,390.74,29864.24
FAIL-00052,TURB-0030,Gearbox,2023-06-23,67.25,31540.78
FAIL-00053,TURB-0042,Generator,2023-09-23,87.74,42114.99
FAIL-00054,TURB-0023,Tower,2024-07-30,41.28,3198.35
FAIL-00055,TURB-0016,Generator,2021-02-15,374.94,34351.13
FAIL-00056,TURB-0040,Generator,2022-01-25,499.28,6299.2
FAIL-00057,TURB-0008,Generator,2020-11-10,233.85,3714.2
FAIL-00058,TURB-0002,Tower,2024-03-31,403.57,42956.39
FAIL-00059,TURB-0025,Tower,2022-12-06,482.78,42624.33
FAIL-00060,TURB-0047,Gearbox,2022-04-27,313.96,30210.91
FAIL-00061,TURB-0005,Generator,2020-06-02,158.71,15011.31
FAIL-00062,TURB-0031,Yaw System,2024-08-14,274.84,44115.48
FAIL-00063,TURB-0048,Yaw System,2020-06-20,158.76,22146.02
FAIL-00064,TURB-0012,Yaw System,2021-06-14,392.36,37145.84
FAIL-00065,TURB-0048,Tower,2024-12-23,223.32,45731.48
FAIL-00066,TURB-0038,Tower,2024-12-04,145.35,37159.87
FAIL-00067,TURB-0035,Control System,2023-05-25,409.71,21299.24
FAIL-00068,TURB-0044,Gearbox,2022-11-24,311.12,47050.93
FAIL-00069,TURB-0030,Gearbox,2024-08-04,319.88,26586.32
FAIL-00070,TURB-0045,Blade,2023-01-04,168.51,11812.82
FAIL-00071,TURB-0007,Yaw System,2024-11-07,126.68,35036.49
FAIL-00072,TURB-0023,Generator,2024-08-07,335.51,6553.61
FAIL-00073,TURB-0049,Yaw System,2023-11-30,290.02,46541.48
FAIL-00074,TURB-0031,Gearbox,2024-08-17,52.15,21327.17
FAIL-00075,TURB-0004,Yaw System,2023-07-19,158.93,43382.12
FAIL-00076,TURB-0005,Blade,2023-05-01,465.93,44245.43
FAIL-00077,TURB-0003,Control System,2023-06-09,46.54,1601.25
FAIL-00078,TURB-0010,Gearbox,2024-09-12,434.1,15566.6
FAIL-00079,TURB-0014,Yaw System,2023-08-22,139.63,6172.04
FAIL-00080,TURB-0040,Generator,2024-02-04,12.85,6937.92
FAIL-00081,TURB-0013,Tower,2022-07-17,140.76,46678.5
FAIL-00082,TURB-0031,Tower,2021-09-19,480.01,34731.44
FAIL-00083,TURB-0008,Control System,2023-10-30,164.49,6326.16
FAIL-00084,TURB-0019,Control System,2023-10-24,476.39,11679.67
FAIL-00085,TURB-0022,Generator,2021-11-14,141.4,42968.21
FAIL-00086,TURB-0003,Yaw System,2022-02-01,127.25,44479.36
FAIL-00087,TURB-0043,Tower,2021-05-26,453.92,45465.06
FAIL-00088,TURB-0017,Generator,2024-12-02,181.44,26139.74
FAIL-00089,TURB-0005,Blade,2020-05-12,258.9,35249.93
FAIL-00090,TURB-0040,Yaw System,2023-03-19,490.36,43885.84
FAIL-00091,TURB-0047,Tower,2024-04-02,387.4,24195.5
FAIL-00092,TURB-0008,Control System,2024-01-07,96.85,39489.19
FAIL-00093,TURB-0025,Gearbox,2020-04-18,160.05,6336.77
FAIL-00094,TURB-0002,Gearbox,2021-03-11,429.29,19933.2
FAIL-00095,TURB-0014,Gearbox,2024-08-13,314.28,21171.44
FAIL-00096,TURB-0025,Tower,2022-06-07,106.71,37784.42
FAIL-00097,TURB-0010,Tower,2022-08-01,207.88,13977.25
FAIL-00098,TURB-0037,Control System,2023-07-07,167.64,6060.64
FAIL-00099,TURB-0032,Yaw System,2022-06-13,192.38,45570.59
FAIL-00100,TURB-0030,Gearbox,2021-01-18,426.63,10248.2
FAIL-00101,TURB-0008,Generator,2023-05-12,303.6,40619.02
FAIL-00102,TURB-0030,Yaw System,2022-08-17,494.94,21058.6
FAIL-00103,TURB-0042,Control System,2020-06-06,127.89,44398.14
FAIL-00104,TURB-0035,Generator,2024-07-21,64.38,2096.3
FAIL-00105,TURB-0018,Generator,2023-03-24,387.28,24865.92
FAIL-00106,TURB-0025,Control System,2024-10-09,137.74,37282.94
FAIL-00107,TURB-0022,Generator,2022-01-30,95.65,45428.73
FAIL-00108,TURB-0040,Blade,2020-03-22,113.25,39553.31
FAIL-00109,TURB-0012,Generator,2024-03-09,384.79,35099.04
FAIL-00110,TURB-0031,Yaw System,2023-02-15,76.14,22268.56
FAIL-00111,TURB-0031,Generator,2020-11-11,293.1,9763.98
FAIL-00112,TURB-0017,Control System,2020-03-17,488.93,38905.06
FAIL-00113,TURB-0012,Control System,2023-04-07,233.8,10601.35
FAIL-00114,TURB-0018,Blade,2022-12-15,452.09,39985.55
FAIL-00115,TURB-0044,Tower,2020-11-01,74.57,37172.86
FAIL-00116,TURB-0042,Gearbox,2021-02-02,405.07,19261.24
FAIL-00117,TURB-0019,Blade,2022-07-16,306.34,23364.16
FAIL-00118,TURB-0006,Yaw System,2021-10-27,47.75,11905.91
FAIL-00119,TURB-0006,Tower,2022-02-08,315.48,42427.41
FAIL-00120,TURB-0013,Generator,2020-09-27,318.57,7716.21
FAIL-00121,TURB-0013,Yaw System,2020-03-22,364.36,5991.56
FAIL-00122,TURB-0016,Blade,2023-08-16,497.81,43204.66
FAIL-00123,TURB-0027,Gearbox,2020-05-10,251.38,17822.2
FAIL-00124,TURB-0011,Blade,2020-07-18,414.81,11104.56
FAIL-00125,TURB-0001,Generator,2021-10-21,349.81,6937.77
FAIL-00126,TURB-0033,Generator,2022-08-04,217.48,46772.7
FAIL-00127,TURB-0029,Control System,2024-09-13,367.37,19588.16
FAIL-00128,TURB-0010,Tower,2021-08-01,153.13,25215.06
FAIL-00129,TURB-0017,Generator,2022-09-16,491.66,6245.84
FAIL-00130,TURB-0044,Generator,2024-01-16,360.51,28947.4
FAIL-00131,TURB-0037,Yaw System,2024-09-07,57.06,42467.76
FAIL-00132,TURB-0043,Gearbox,2023-05-20,423.42,11328.4
FAIL-00133,TURB-0002,Control System,2023-11-21,382.22,31948.11
FAIL-00134,TURB-0048,Gearbox,2024-06-23,402.56,32330.59
FAIL-00135,TURB-0037,Gearbox,2023-12-01,372.86,4153.87
FAIL-00136,TURB-0032,Generator,2024-08-11,251.59,29411.7
FAIL-00137,TURB-0017,Gearbox,2023-05-31,486.64,47950.88
FAIL-00138,TURB-0011,Tower,2022-12-27,439.75,33733.08
FAIL-00139,TURB-0015,Generator,2022-10-23,466.5,8452.45
FAIL-00140,TURB-0027,Tower,2024-10-14,452.16,26548.91
FAIL-00141,TURB-0002,Gearbox,2023-05-04,230.17,43923.86
FAIL-00142,TURB-0020,Gearbox,2024-05-16,245.3,32734.24
FAIL-00143,TURB-0033,Yaw System,2024-04-28,129.57,45398.69
FAIL-00144,TURB-0005,Blade,2022-12-25,31.97,19746.37
FAIL-00145,TURB-0011,Yaw System,2020-09-30,100.86,23979.96
FAIL-00146,TURB-0006,Control System,2022-07-09,346.49,47623.19
FAIL-00147,TURB-0029,Tower,2020-11-23,139.42,15270.35
FAIL-00148,TURB-0047,Generator,2021-05-12,137.45,28873.44
FAIL-00149,TURB-0033,Tower,2020-08-24,195.06,41208.3
FAIL-00150,TURB-0011,Blade,2023-02-14,36.12,38823.49
FAIL-00151,TURB-0022,Tower,2020-12-24,433.8,40945.55
FAIL-00152,TURB-0044,Tower,2023-03-01,235.31,30453.55
FAIL-00153,TURB-0033,Gearbox,2022-10-24,5.74,31796.2
FAIL-00154,TURB-0044,Blade,2023-07-09,295.9,37703.33
FAIL-00155,TURB-0024,Yaw System,2024-09-21,448.24,20146.71
FAIL-00156,TURB-0017,Generator,2024-09-28,246.0,18766.81
FAIL-00157,TURB-0041,Control System,2020-09-01,324.46,23641.23
FAIL-00158,TURB-0013,Tower,2024-12-14,302.07,18303.82
FAIL-00159,TURB-0028,Gearbox,2020-12-28,215.18,33231.44
FAIL-00160,TURB-0031,Tower,2023-11-02,401.74,37586.45
FAIL-00161,TURB-0036,Yaw System,2023-12-12,20.19,25241.56
FAIL-00162,TURB-0025,Generator,2021-05-02,392.39,8754.93
FAIL-00163,TURB-0001,Yaw System,2023-08-03,333.3,12054.76
FAIL-00164,TURB-0035,Tower,2023-10-31,387.29,14253.05
FAIL-00165,TURB-0027,Yaw System,2020-12-15,339.1,2374.38
FAIL-00166,TURB-0006,Blade,2020-07-16,47.35,2311.36
FAIL-00167,TURB-0011,Tower,2022-04-10,354.92,45719.95
FAIL-00168,TURB-0037,Yaw System,2021-08-15,133.78,37809.08
FAIL-00169,TURB-0049,Yaw System,2022-01-15,490.76,5913.09
FAIL-00170,TURB-0043,Gearbox,2020-01-06,146.96,9916.57
FAIL-00171,TURB-0005,Tower,2021-08-05,62.26,27056.1
FAIL-00172,TURB-0016,Tower,2022-12-06,85.98,39944.35
FAIL-00173,TURB-0048,Blade,2022-03-10,195.26,18471.29
FAIL-00174,TURB-0035,Generator,2024-11-02,447.94,45593.77
FAIL-00175,TURB-0043,Tower,2020-07-14,438.71,19255.2
FAIL-00176,TURB-0021,Yaw System,2022-06-21,477.24,29985.95
FAIL-00177,TURB-0009,Generator,2022-01-02,460.32,23644.37
FAIL-00178,TURB-0031,Gearbox,2023-04-11,302.11,25370.63
FAIL-00179,TURB-0015,Control System,2021-11-19,289.0,21013.44
FAIL-00180,TURB-0041,Generator,2021-05-05,459.24,22202.94
FAIL-00181,TURB-0031,Yaw System,2021-08-25,77.83,49474.01
FAIL-00182,TURB-0020,Tower,2024-04-03,423.35,40929.39
FAIL-00183,TURB-0043,Tower,2023-12-27,132.99,49272.38
FAIL-00184,TURB-0038,Yaw System,2023-04-04,261.72,42092.41
FAIL-00185,TURB-0046,Yaw System,2023-01-27,237.61,28054.69
FAIL-00186,TURB-0043,Blade,2021-10-30,340.53,44428.92
FAIL-00187,TURB-0046,Blade,2021-02-03,79.47,8832.16
FAIL-00188,TURB-0048,Gearbox,2022-09-26,86.5,28976.21
FAIL-00189,TURB-0033,Generator,2020-11-01,55.84,1740.62
FAIL-00190,TURB-0020,Yaw System,2020-04-30,441.02,22387.95
FAIL-00191,TURB-0047,Yaw System,2023-08-03,426.09,33257.31
FAIL-00192,TURB-0032,Control System,2024-12-01,258.92,3007.61
FAIL-00193,TURB-0013,Gearbox,2021-05-16,370.62,18396.65
FAIL-00194,TURB-0044,Tower,2020-02-06,466.29,41894.47
FAIL-00195,TURB-0023,Gearbox,2021-11-09,264.33,38776.75
FAIL-00196,TURB-0008,Tower,2024-09-25,158.63,5985.38
FAIL-00197,TURB-0008,Generator,2024-02-27,353.53,6928.46
FAIL-00198,TURB-0024,Gearbox,2024-07-29,393.76,11979.41
FAIL-00199,TURB-0024,Gearbox,2024-12-27,257.2,21293.38
FAIL-00200,TURB-0027,Generator,2022-10-28,218.19,45591.94
FAIL-00201,TURB-0044,Control System,2024-05-01,333.8,13074.27
FAIL-00202,TURB-0050,Blade,2023-05-17,74.51,21457.64
FAIL-00203,TURB-0043,Tower,2022-11-27,396.99,22752.0
FAIL-00204,TURB-0041,Yaw System,2020-01-16,338.37,17291.19
FAIL-00205,TURB-0017,Control System,2022-08-30,61.33,47900.41
FAIL-00206,TURB-0032,Gearbox,2020-10-09,490.09,2363.2
FAIL-00207,TURB-0042,Generator,2023-10-26,469.08,49507.81
FAIL-00208,TURB-0008,Gearbox,2020-07-10,430.18,6707.09
FAIL-00209,TURB-0024,Gearbox,2022-06-17,362.08,14235.74
FAIL-00210,TURB-0022,Blade,2023-10-26,387.33,15974.2
FAIL-00211,TURB-0010,Tower,2023-10-25,246.9,38280.23
FAIL-00212,TURB-0039,Generator,2022-02-18,246.22,30017.23
FAIL-00213,TURB-0030,Tower,2020-11-20,211.07,8155.31
FAIL-00214,TURB-0021,Blade,2023-06-05,345.09,34612.57
FAIL-00215,TURB-0025,Gearbox,2024-07-21,481.02,16298.73
FAIL-00216,TURB-0045,Tower,2022-12-26,497.55,21169.1
FAIL-00217,TURB-0045,Tower,2023-08-31,256.82,25965.8
FAIL-00218,TURB-0004,Control System,2021-01-16,455.44,25329.73
FAIL-00219,TURB-0001,Yaw System,2023-03-07,187.06,34232.26
FAIL-00220,TURB-0045,Control System,2021-10-31,484.58,30920.14
FAIL-00221,TURB-0001,Gearbox,2021-09-11,335.63,23786.69
FAIL-00222,TURB-0012,Control System,2022-01-03,36.17,39400.06
FAIL-00223,TURB-0013,Gearbox,2020-04-28,437.27,3339.7
FAIL-00224,TURB-0012,Yaw System,2022-11-24,156.54,37388.62
FAIL-00225,TURB-0018,Yaw System,2020-07-09,316.38,48038.33
FAIL-00226,TURB-0017,Generator,2022-11-26,332.71,14557.49
FAIL-00227,TURB-0042,Control System,2024-09-25,398.58,23498.85
FAIL-00228,TURB-0005,Tower,2023-08-04,234.97,46096.61
FAIL-00229,TURB-0016,Generator,2021-11-16,384.85,26907.42
FAIL-00230,TURB-0014,Control System,2024-06-24,270.79,47256.22
FAIL-00231,TURB-0027,Gearbox,2024-04-08,344.1,34215.33
FAIL-00232,TURB-0002,Blade,2023-02-07,307.84,5093.02
FAIL-00233,TURB-0041,Blade,2023-06-04,247.33,24420.58
FAIL-00234,TURB-0043,Generator,2024-02-15,163.83,28722.86
FAIL-00235,TURB-0039,Gearbox,2022-05-24,348.95,2262.17
FAIL-00236,TURB-0037,Yaw System,2020-08-22,40.82,10361.92
FAIL-00237,TURB-0004,Generator,2020-04-13,473.54,15920.95
FAIL-00238,TURB-0031,Tower,2022-05-25,334.63,22563.76
FAIL-00239,TURB-0026,Blade,2020-01-18,235.34,27296.94
FAIL-00240,TURB-0050,Gearbox,2021-07-17,65.02,42130.67
FAIL-00241,TURB-0013,Gearbox,2021-05-16,56.39,42269.83
FAIL-00242,TURB-0003,Blade,2022-10-16,405.21,22493.4
FAIL-00243,TURB-0046,Control System,2023-08-17,450.09,48412.04
FAIL-00244,TURB-0040,Tower,2020-12-28,69.98,47725.07
FAIL-00245,TURB-0005,Yaw System,2022-08-30,192.95,9659.58
FAIL-00246,TURB-0005,Blade,2022-08-15,124.39,32228.44
FAIL-00247,TURB-0021,Control System,2024-11-28,137.8,44219.77
FAIL-00248,TURB-0002,Gearbox,2021-03-16,14.9,2447.45
FAIL-00249,TURB-0027,Control System,2023-05-12,198.33,5601.27
FAIL-00250,TURB-0018,Blade,2024-03-04,106.11,7939.41
FAIL-00251,TURB-0020,Control System,2024-01-09,249.88,39824.33
FAIL-00252,TURB-0043,Blade,2022-10-03,325.78,16942.16
FAIL-00253,TURB-0001,Control System,2020-04-25,341.83,25800.43
FAIL-00254,TURB-0027,Yaw System,2024-11-24,16.8,20919.04
FAIL-00255,TURB-0018,Blade,2020-10-25,204.68,39812.33
FAIL-00256,TURB-0028,Tower,2023-05-25,192.1,18000.64
FAIL-00257,TURB-0033,Blade,2021-11-12,385.72,6874.95
FAIL-00258,TURB-0033,Blade,2020-04-27,209.98,29613.77
FAIL-00259,TURB-0025,Blade,2020-05-06,378.6,13429.11
FAIL-00260,TURB-0019,Yaw System,2022-04-12,452.33,17097.87
FAIL-00261,TURB-0003,Control System,2020-04-09,395.15,33118.81
FAIL-00262,TURB-0025,Tower,2020-09-15,126.96,46343.51
FAIL-00263,TURB-0016,Tower,2021-12-13,169.35,23226.82
FAIL-00264,TURB-0026,Generator,2021-02-03,420.56,40261.98
FAIL-00265,TURB-0005,Gearbox,2022-09-26,378.49,4268.95
FAIL-00266,TURB-0039,Generator,2022-03-12,147.68,3773.24
FAIL-00267,TURB-0004,Yaw System,2024-02-03,106.26,16499.57
FAIL-00268,TURB-0023,Blade,2022-10-05,180.52,22241.11
FAIL-00269,TURB-0032,Control System,2024-09-22,161.33,12853.39
FAIL-00270,TURB-0022,Generator,2021-06-06,406.23,16533.88
FAIL-00271,TURB-0003,Control System,2022-11-18,364.28,11907.71
FAIL-00272,TURB-0049,Control System,2022-01-27,286.44,6591.66
FAIL-00273,TURB-0012,Control System,2023-09-18,22.49,40870.29
FAIL-00274,TURB-0048,Tower,2022-10-17,309.73,2314.79
FAIL-00275,TURB-0037,Blade,2022-04-02,475.88,46004.1
FAIL-00276,TURB-0026,Blade,2021-12-30,59.78,6874.62
FAIL-00277,TURB-0020,Yaw System,2024-04-08,433.87,2916.13
FAIL-00278,TURB-0024,Tower,2021-12-27,38.72,28589.17
FAIL-00279,TURB-0049,Control System,2023-02-12,285.0,49183.7
FAIL-00280,TURB-0049,Tower,2022-05-17,28.81,45631.85
FAIL-00281,TURB-0031,Yaw System,2024-03-22,131.64,34385.61
FAIL-00282,TURB-0007,Generator,2024-04-27,438.42,48699.95
FAIL-00283,TURB-0012,Generator,2022-05-30,119.3,30716.6
FAIL-00284,TURB-0022,Control System,2020-07-06,430.54,37660.16
FAIL-00285,TURB-0044,Blade,2020-09-28,166.17,39877.5
FAIL-00286,TURB-0003,Blade,2023-07-31,243.5,44004.8
FAIL-00287,TURB-0043,Blade,2023-07-01,318.92,6651.02
FAIL-00288,TURB-0002,Yaw System,2023-06-01,259.14,32200.67
FAIL-00289,TURB-0011,Generator,2021-06-18,350.59,48265.2
FAIL-00290,TURB-0040,Generator,2022-07-03,253.86,41362.82
FAIL-00291,TURB-0001,Yaw System,2024-10-18,332.7,39404.01
FAIL-00292,TURB-0007,Generator,2020-01-21,8.73,34402.52
FAIL-00293,TURB-0028,Generator,2021-08-29,73.62,22903.23
FAIL-00294,TURB-0037,Blade,2021-02-25,348.94,47299.99
FAIL-00295,TURB-0029,Control System,2021-01-16,115.96,20721.8
FAIL-00296,TURB-0039,Tower,2020-08-14,330.91,9249.45
FAIL-00297,TURB-0035,Yaw System,2023-10-08,407.53,5597.09
FAIL-00298,TURB-0024,Control System,2024-07-14,241.53,8389.01
FAIL-00299,TURB-0020,Yaw System,2023-06-19,396.51,39848.63
FAIL-00300,TURB-0025,Gearbox,2021-02-25,205.01,44463.08
FAIL-00301,TURB-0047,Control System,2023-11-25,186.78,25873.17
FAIL-00302,TURB-0026,Control System,2022-06-26,288.98,43374.09
FAIL-00303,TURB-0005,Gearbox,2024-08-09,205.94,14775.6
FAIL-00304,TURB-0004,Yaw System,2024-01-03,42.66,3022.88
FAIL-00305,TURB-0046,Blade,2023-08-01,175.66,45521.03
FAIL-00306,TURB-0002,Control System,2021-04-11,334.44,7215.84
FAIL-00307,TURB-0043,Generator,2020-03-17,341.01,38987.75
FAIL-00308,TURB-0031,Control System,2022-11-25,338.73,23391.4
FAIL-00309,TURB-0022,Tower,2022-09-01,164.95,29279.81
FAIL-00310,TURB-0041,Tower,2023-10-06,71.36,41953.02
FAIL-00311,TURB-0044,Tower,2024-02-02,78.95,46893.43
FAIL-00312,TURB-0038,Gearbox,2023-10-17,165.23,6648.36
FAIL-00313,TURB-0019,Generator,2022-08-18,118.37,24260.35
FAIL-00314,TURB-0037,Gearbox,2024-01-02,332.48,43921.33
FAIL-00315,TURB-0014,Gearbox,2024-06-11,211.37,45798.5
FAIL-00316,TURB-0018,Generator,2023-01-09,235.22,39323.73
FAIL-00317,TURB-0011,Generator,2022-02-21,248.37,17619.09
FAIL-00318,TURB-0025,Gearbox,2023-03-20,215.96,30526.94
FAIL-00319,TURB-0011,Yaw System,2021-10-11,491.59,30900.46
FAIL-00320,TURB-0014,Gearbox,2020-07-16,282.05,40182.38
FAIL-00321,TURB-0016,Generator,2023-02-24,200.42,42329.14
FAIL-00322,TURB-0043,Gearbox,2022-11-20,488.26,35596.7
FAIL-00323,TURB-0016,Tower,2021-01-08,262.68,45090.41
FAIL-00324,TURB-0016,Control System,2024-07-18,65.98,1601.37
FAIL-00325,TURB-0004,Gearbox,2023-02-16,402.91,17055.43
FAIL-00326,TURB-0041,Yaw System,2021-01-06,181.52,6039.56
FAIL-00327,TURB-0017,Yaw System,2024-02-09,316.91,1116.36
FAIL-00328,TURB-0039,Gearbox,2023-06-21,314.28,28944.71
FAIL-00329,TURB-0012,Yaw System,2023-07-16,212.64,2353.94
FAIL-00330,TURB-0036,Yaw System,2024-12-19,325.35,33155.99
FAIL-00331,TURB-0014,Gearbox,2023-03-07,204.88,2813.0
FAIL-00332,TURB-0018,Yaw System,2024-09-13,224.66,36391.04
FAIL-00333,TURB-0038,Tower,2021-10-19,337.86,9201.34
FAIL-00334,TURB-0014,Gearbox,2021-06-25,106.34,2235.57
FAIL-00335,TURB-0023,Tower,2021-03-29,170.04,30784.57
FAIL-00336,TURB-0029,Gearbox,2021-07-08,45.44,8663.34
FAIL-00337,TURB-0005,Generator,2020-12-09,388.99,6421.28
FAIL-00338,TURB-0013,Tower,2021-10-16,395.8,16509.53
FAIL-00339,TURB-0033,Control System,2022-07-02,124.45,38562.71
FAIL-00340,TURB-0038,Control System,2024-07-24,293.16,6991.99
FAIL-00341,TURB-0015,Yaw System,2020-08-24,61.55,43033.8
FAIL-00342,TURB-0032,Yaw System,2024-10-15,5.25,13638.62
FAIL-00343,TURB-0043,Tower,2023-07-24,327.57,17429.3
FAIL-00344,TURB-0021,Blade,2024-08-16,7.31,6566.53
FAIL-00345,TURB-0019,Control System,2023-06-20,444.31,45493.03
FAIL-00346,TURB-0002,Control System,2022-05-06,327.42,47961.67
FAIL-00347,TURB-0043,Blade,2023-05-11,243.76,9242.69
FAIL-00348,TURB-0006,Blade,2020-07-16,456.49,36653.55
FAIL-00349,TURB-0046,Yaw System,2021-05-11,375.93,46034.35
FAIL-00350,TURB-0027,Yaw System,2021-05-27,61.46,14596.34
FAIL-00351,TURB-0007,Yaw System,2020-03-22,299.71,46358.57
FAIL-00352,TURB-0019,Yaw System,2022-03-29,368.06,41693.52
FAIL-00353,TURB-0010,Generator,2022-10-31,104.93,6702.13
FAIL-00354,TURB-0019,Generator,2023-09-09,462.21,25489.21
FAIL-00355,TURB-0030,Yaw System,2023-11-23,341.68,35059.42
FAIL-00356,TURB-0050,Gearbox,2020-01-07,193.93,45197.35
FAIL-00357,TURB-0038,Blade,2021-07-01,164.92,23795.46
FAIL-00358,TURB-0013,Tower,2021-10-01,455.22,5183.15
FAIL-00359,TURB-0040,Tower,2020-04-23,151.54,40044.59
FAIL-00360,TURB-0025,Blade,2022-04-24,303.83,21820.45
FAIL-00361,TURB-0028,Yaw System,2023-03-12,89.0,44204.65
FAIL-00362,TURB-0048,Gearbox,2021-03-01,332.86,48926.53
FAIL-00363,TURB-0042,Tower,2022-08-15,276.03,20665.54
FAIL-00364,TURB-0003,Yaw System,2021-04-09,9.27,40521.37
FAIL-00365,TURB-0005,Tower,2020-03-20,63.25,7154.01
FAIL-00366,TURB-0038,Gearbox,2023-04-28,453.8,27941.0
FAIL-00367,TURB-0005,Control System,2020-11-04,271.26,5399.11
FAIL-00368,TURB-0045,Yaw System,2020-03-12,174.79,11482.63
FAIL-00369,TURB-0020,Generator,2024-05-20,47.26,45821.94
FAIL-00370,TURB-0002,Gearbox,2022-10-23,158.21,27121.77
FAIL-00371,TURB-0020,Gearbox,2020-09-21,155.85,46088.36
FAIL-00372,TURB-0048,Generator,2020-01-22,68.84,38015.47
FAIL-00373,TURB-0017,Yaw System,2021-01-22,133.59,46962.04
FAIL-00374,TURB-0029,Tower,2022-12-29,149.29,2048.7
FAIL-00375,TURB-0041,Tower,2020-12-08,322.35,39272.65
FAIL-00376,TURB-0006,Yaw System,2021-08-04,49.45,36799.75
FAIL-00377,TURB-0020,Yaw System,2020-04-02,40.81,17321.51
FAIL-00378,TURB-0006,Generator,2022-06-05,478.42,32546.62
FAIL-00379,TURB-0025,Generator,2023-09-18,216.1,12753.35
FAIL-00380,TURB-0007,Blade,2022-08-13,41.73,31180.88
FAIL-00381,TURB-0039,Yaw System,2022-01-04,305.79,40964.88
FAIL-00382,TURB-0007,Yaw System,2022-01-22,494.24,32991.6
FAIL-00383,TURB-0033,Control System,2021-07-24,294.58,36149.69
FAIL-00384,TURB-0022,Tower,2020-08-03,7.57,45168.56
FAIL-00385,TURB-0018,Control System,2020-04-06,174.34,16545.53
FAIL-00386,TURB-0019,Tower,2020-08-01,236.13,19338.75
FAIL-00387,TURB-0018,Control System,2024-08-28,226.71,31778.8
FAIL-00388,TURB-0012,Yaw System,2022-11-15,247.86,23878.89
FAIL-00389,TURB-0030,Tower,2024-08-10,459.9,22350.31
FAIL-00390,TURB-0047,Generator,2020-09-05,473.41,11819.88
FAIL-00391,TURB-0024,Gearbox,2020-01-06,178.44,4193.56
FAIL-00392,TURB-0006,Gearbox,2023-10-30,363.6,37491.57
FAIL-00393,TURB-0031,Control System,2021-11-29,314.95,15583.85
FAIL-00394,TURB-0018,Tower,2021-10-01,269.69,30429.14
FAIL-00395,TURB-0015,Gearbox,2020-06-21,133.6,40351.45
FAIL-00396,TURB-0044,Generator,2022-08-20,144.32,15273.76
FAIL-00397,TURB-0050,Tower,2020-02-20,456.38,17615.78
FAIL-00398,TURB-0050,Blade,2020-04-03,470.19,22630.23
FAIL-00399,TURB-0007,Gearbox,2021-10-19,245.2,31603.7
FAIL-00400,TURB-0012,Gearbox,2021-07-15,454.62,35996.53
FAIL-00401,TURB-0033,Tower,2020-10-21,207.97,32755.87
FAIL-00402,TURB-0045,Blade,2023-01-05,165.92,47794.68
FAIL-00403,TURB-0008,Yaw System,2023-07-13,110.26,39423.89
FAIL-00404,TURB-0046,Generator,2020-01-11,311.36,19109.39
FAIL-00405,TURB-0021,Yaw System,2023-07-24,157.89,31552.71
FAIL-00406,TURB-0021,Tower,2024-12-20,71.98,29956.06
FAIL-00407,TURB-0038,Yaw System,2023-03-09,196.21,6365.49
FAIL-00408,TURB-0013,Generator,2023-08-20,38.73,25568.82
FAIL-00409,TURB-0006,Yaw System,2022-02-17,169.55,22314.13
FAIL-00410,TURB-0025,Tower,2023-06-18,263.33,15051.58
FAIL-00411,TURB-0039,Generator,2022-06-30,352.9,16787.39
FAIL-00412,TURB-0035,Gearbox,2024-03-02,299.3,36362.44
FAIL-00413,TURB-0020,Gearbox,2024-08-05,240.67,10718.13
FAIL-00414,TURB-0049,Tower,2023-05-07,265.56,8754.45
FAIL-00415,TURB-0030,Gearbox,2021-05-17,152.56,34694.88
FAIL-00416,TURB-0017,Generator,2020-04-30,479.41,16090.74
FAIL-00417,TURB-0006,Tower,2020-08-31,202.73,17619.63
FAIL-00418,TURB-0016,Tower,2021-11-10,266.36,34122.92
FAIL-00419,TURB-0031,Gearbox,2020-08-23,466.1,12501.25
FAIL-00420,TURB-0008,Gearbox,2024-09-09,303.85,29920.28
FAIL-00421,TURB-0038,Gearbox,2020-08-30,58.31,49176.76
FAIL-00422,TURB-0003,Tower,2024-04-19,349.71,2019.51
FAIL-00423,TURB-0021,Yaw System,2022-01-09,326.23,10482.67
FAIL-00424,TURB-0044,Generator,2020-06-24,420.95,26871.89
FAIL-00425,TURB-0044,Yaw System,2021-11-23,143.76,39291.6
FAIL-00426,TURB-0026,Gearbox,2024-10-03,110.29,8561.03
FAIL-00427,TURB-0015,Blade,2021-11-24,198.43,34449.56
FAIL-00428,TURB-0026,Yaw System,2023-11-25,363.96,18342.03
FAIL-00429,TURB-0047,Control System,2020-01-07,351.43,1599.88
FAIL-00430,TURB-0020,Yaw System,2021-03-22,348.1,27985.39
FAIL-00431,TURB-0009,Control System,2022-07-31,93.82,39636.63
FAIL-00432,TURB-0008,Tower,2022-10-24,18.28,8302.49
FAIL-00433,TURB-0017,Yaw System,2020-05-21,328.72,24219.86
FAIL-00434,TURB-0019,Tower,2020-03-25,440.31,29478.13
FAIL-00435,TURB-0050,Generator,2020-05-28,66.2,31949.28
FAIL-00436,TURB-0018,Control System,2021-01-17,294.52,28349.71
FAIL-00437,TURB-0014,Gearbox,2023-09-27,209.2,44473.27
FAIL-00438,TURB-0006,Blade,2020-12-13,426.96,6251.56
FAIL-00439,TURB-0046,Tower,2022-03-30,449.47,33440.17
FAIL-00440,TURB-0014,Yaw System,2021-04-19,406.51,7473.01
FAIL-00441,TURB-0036,Control System,2020-03-01,285.28,9665.52
FAIL-00442,TURB-0039,Gearbox,2024-03-13,18.21,22166.38
FAIL-00443,TURB-0001,Yaw System,2020-03-31,475.41,4696.8
FAIL-00444,TURB-0042,Control System,2024-06-13,226.6,29520.11
FAIL-00445,TURB-0036,Yaw System,2024-08-04,149.61,38058.38
FAIL-00446,TURB-0027,Tower,2022-10-17,24.78,33082.45
FAIL-00447,TURB-0021,Generator,2024-04-16,380.11,23487.2
FAIL-00448,TURB-0028,Tower,2022-05-25,289.93,12091.93
FAIL-00449,TURB-0018,Gearbox,2021-10-19,59.4,39371.15
FAIL-00450,TURB-0040,Gearbox,2022-09-05,370.71,3363.27
FAIL-00451,TURB-0022,Tower,2021-04-27,286.58,2288.59
FAIL-00452,TURB-0040,Yaw System,2021-02-03,64.11,24758.84
FAIL-00453,TURB-0031,Blade,2021-08-22,432.38,4387.67
FAIL-00454,TURB-0005,Tower,2023-07-26,71.86,44693.34
FAIL-00455,TURB-0004,Gearbox,2022-04-14,432.66,26789.24
FAIL-00456,TURB-0026,Control System,2024-11-19,331.26,47811.55
FAIL-00457,TURB-0001,Blade,2020-10-20,375.33,12492.79
FAIL-00458,TURB-0031,Yaw System,2024-02-07,368.76,49089.78
FAIL-00459,TURB-0016,Blade,2021-02-28,304.2,8355.48
FAIL-00460,TURB-0023,Tower,2023-12-14,311.86,31554.27
FAIL-00461,TURB-0015,Tower,2020-08-10,87.79,15991.31
FAIL-00462,TURB-0007,Control System,2024-05-06,24.82,26987.68
FAIL-00463,TURB-0023,Blade,2023-07-06,42.17,26944.2
FAIL-00464,TURB-0005,Control System,2023-09-12,455.82,21290.28
FAIL-00465,TURB-0009,Control System,2021-02-17,107.28,34522.55
FAIL-00466,TURB-0032,Gearbox,2020-08-31,421.92,17483.18
FAIL-00467,TURB-0001,Tower,2021-01-31,326.12,40567.26
FAIL-00468,TURB-0035,Blade,2024-03-16,9.77,24559.15
FAIL-00469,TURB-0006,Yaw System,2020-11-21,37.35,14336.17
FAIL-00470,TURB-0001,Yaw System,2022-05-18,428.4,30873.4
FAIL-00471,TURB-0045,Control System,2020-01-07,440.13,46335.63
FAIL-00472,TURB-0042,Blade,2023-06-30,81.06,23076.82
FAIL-00473,TURB-0023,Yaw System,2021-08-11,410.14,17724.4
FAIL-00474,TURB-0043,Gearbox,2020-10-10,270.58,17359.29
FAIL-00475,TURB-0003,Blade,2023-12-11,241.43,45603.13
FAIL-00476,TURB-0033,Control System,2023-07-13,232.2,23123.31
FAIL-00477,TURB-0046,Control System,2021-12-16,353.5,9157.7
FAIL-00478,TURB-0047,Control System,2022-12-19,416.22,43417.26
FAIL-00479,TURB-0013,Control System,2023-05-21,426.6,35621.43
FAIL-00480,TURB-0003,Control System,2023-01-14,363.71,16624.26
FAIL-00481,TURB-0038,Control System,2021-07-05,406.18,37744.89
FAIL-00482,TURB-0046,Control System,2024-10-26,138.51,5039.65
FAIL-00483,TURB-0026,Tower,2021-01-22,405.6,26661.23
FAIL-00484,TURB-0017,Tower,2021-03-19,300.17,28071.77
FAIL-00485,TURB-0031,Yaw System,2020-08-27,156.05,25495.6
FAIL-00486,TURB-0048,Control System,2023-10-10,298.83,2212.58
FAIL-00487,TURB-0037,Tower,2024-06-07,330.49,13584.09
FAIL-00488,TURB-0022,Generator,2024-01-06,226.93,3653.77
FAIL-00489,TURB-0025,Gearbox,2023-03-30,33.06,46489.81
FAIL-00490,TURB-0017,Control System,2021-07-05,469.31,46584.97
FAIL-00491,TURB-0026,Blade,2024-09-05,29.67,44669.64
FAIL-00492,TURB-0019,Tower,2024-02-09,353.19,23727.94
FAIL-00493,TURB-0050,Generator,2023-12-07,135.11,22682.21
FAIL-00494,TURB-0049,Blade,2021-05-15,268.06,3182.21
FAIL-00495,TURB-0012,Tower,2024-03-23,41.95,32956.75
FAIL-00496,TURB-0039,Gearbox,2024-09-12,453.18,10121.74
FAIL-00497,TURB-0003,Gearbox,2023-03-04,176.82,19304.27
FAIL-00498,TURB-0002,Gearbox,2024-05-13,27.53,49554.94
FAIL-00499,TURB-0002,Gearbox,2022-01-19,478.43,15697.14
FAIL-00500,TURB-0047,Gearbox,2021-01-31,303.05,19902.51
FAIL-00501,TURB-0043,Yaw System,2022-01-22,430.95,48899.77
FAIL-00502,TURB-0040,Yaw System,2023-12-27,311.17,33356.89
FAIL-00503,TURB-0020,Control System,2022-03-06,462.99,28097.86
FAIL-00504,TURB-0025,Blade,2023-04-24,487.99,37352.98
FAIL-00505,TURB-0022,Tower,2024-12-17,431.27,45167.9
FAIL-00506,TURB-0016,Blade,2021-06-17,356.3,29150.5
FAIL-00507,TURB-0040,Yaw System,2024-11-29,166.66,15607.47
FAIL-00508,TURB-0036,Blade,2022-06-01,8.53,36015.64
FAIL-00509,TURB-0047,Yaw System,2023-05-22,86.73,23581.69
FAIL-00510,TURB-0010,Yaw System,2024-07-13,67.0,36473.06
FAIL-00511,TURB-0028,Gearbox,2023-12-02,181.98,36931.37
FAIL-00512,TURB-0048,Yaw System,2021-02-23,158.38,17790.55
FAIL-00513,TURB-0010,Generator,2020-09-09,222.76,27605.37
FAIL-00514,TURB-0010,Control System,2022-03-19,251.76,27269.31
FAIL-00515,TURB-0009,Gearbox,2024-09-26,169.28,16060.15
FAIL-00516,TURB-0033,Yaw System,2021-02-15,33.55,47479.85
FAIL-00517,TURB-0006,Blade,2020-01-15,334.86,20023.55
FAIL-00518,TURB-0030,Control System,2023-02-21,340.34,10557.63
FAIL-00519,TURB-0009,Tower,2024-06-29,440.49,36980.24
FAIL-00520,TURB-0013,Control System,2024-09-30,202.09,5388.54
FAIL-00521,TURB-0001,Tower,2024-06-30,78.79,20178.46
FAIL-00522,TURB-0036,Control System,2024-10-14,248.25,4202.08
FAIL-00523,TURB-0012,Gearbox,2021-02-22,328.4,41963.04
FAIL-00524,TURB-0021,Tower,2021-05-30,10.06,5330.24
FAIL-00525,TURB-0038,Gearbox,2024-01-25,296.43,5050.77
FAIL-00526,TURB-0007,Blade,2024-11-14,71.9,8879.48
FAIL-00527,TURB-0045,Blade,2022-05-27,459.86,4543.72
FAIL-00528,TURB-0032,Control System,2022-10-05,444.26,47169.43
FAIL-00529,TURB-0036,Blade,2023-04-30,197.9,29636.27
FAIL-00530,TURB-0043,Control System,2022-10-12,226.76,31649.95
FAIL-00531,TURB-0029,Control System,2021-10-31,197.86,14547.45
FAIL-00532,TURB-0035,Control System,2024-06-07,53.2,42362.03
FAIL-00533,TURB-0007,Yaw System,2024-12-16,5.29,25915.14
FAIL-00534,TURB-0004,Gearbox,2021-07-09,255.97,12123.85
FAIL-00535,TURB-0007,Generator,2021-07-18,468.54,7910.53
FAIL-00536,TURB-0045,Tower,2021-12-04,420.82,8464.24
FAIL-00537,TURB-0004,Generator,2023-10-24,93.19,47240.9
FAIL-00538,TURB-0029,Gearbox,2022-10-29,435.27,18553.3
FAIL-00539,TURB-0005,Yaw System,2023-05-09,320.29,14379.47
FAIL-00540,TURB-0018,Generator,2020-12-21,234.0,49340.77
FAIL-00541,TURB-0001,Blade,2024-05-15,431.04,36133.06
FAIL-00542,TURB-0015,Blade,2021-04-20,279.62,18329.57
FAIL-00543,TURB-0045,Blade,2024-05-31,150.25,45144.54
FAIL-00544,TURB-0006,Tower,2023-09-15,47.3,44230.53
FAIL-00545,TURB-0010,Yaw System,2024-03-17,236.36,43349.08
FAIL-00546,TURB-0025,Tower,2024-11-10,366.55,14640.81
FAIL-00547,TURB-0025,Generator,2024-06-01,233.29,40927.0
FAIL-00548,TURB-0044,Control System,2023-09-28,46.81,29390.13
FAIL-00549,TURB-0012,Generator,2023-08-04,175.54,20207.7
FAIL-00550,TURB-0023,Gearbox,2021-09-29,114.69,47071.44
FAIL-00551,TURB-0031,Blade,2023-07-23,342.32,19168.65
FAIL-00552,TURB-0011,Tower,2022-05-05,202.01,13423.79
FAIL-00553,TURB-0014,Tower,2020-07-21,157.07,27685.44
FAIL-00554,TURB-0024,Gearbox,2020-07-03,240.85,16966.97
FAIL-00555,TURB-0001,Blade,2022-04-13,130.17,10227.42
FAIL-00556,TURB-0019,Tower,2023-12-14,427.04,27162.83
FAIL-00557,TURB-0002,Control System,2023-05-30,154.85,12712.83
FAIL-00558,TURB-0048,Blade,2021-11-30,351.28,47036.93
FAIL-00559,TURB-0044,Tower,2020-02-29,339.35,17712.06
FAIL-00560,TURB-0040,Blade,2021-12-27,83.3,4109.67
FAIL-00561,TURB-0011,Gearbox,2021-04-07,403.72,39764.19
FAIL-00562,TURB-0002,Blade,2022-10-11,174.87,16971.7
FAIL-00563,TURB-0020,Control System,2024-12-25,294.13,31179.5
FAIL-00564,TURB-0017,Blade,2021-03-08,37.45,29483.51
FAIL-00565,TURB-0025,Gearbox,2023-06-19,213.09,29167.2
FAIL-00566,TURB-0008,Gearbox,2023-05-22,129.98,31597.34
FAIL-00567,TURB-0046,Blade,2021-04-16,292.39,19727.51
FAIL-00568,TURB-0024,Yaw System,2024-05-15,202.84,35586.04
FAIL-00569,TURB-0030,Control System,2022-03-30,17.53,20087.82
FAIL-00570,TURB-0001,Blade,2024-04-30,30.93,3490.26
FAIL-00571,TURB-0041,Generator,2024-03-02,346.6,21634.89
FAIL-00572,TURB-0019,Tower,2021-11-18,268.76,23652.5
FAIL-00573,TURB-0009,Gearbox,2021-07-11,301.48,44976.32
FAIL-00574,TURB-0001,Blade,2022-01-09,195.42,14522.53
FAIL-00575,TURB-0030,Control System,2020-02-07,432.36,35530.9
FAIL-00576,TURB-0036,Tower,2023-05-18,413.5,39374.73
FAIL-00577,TURB-0004,Blade,2022-03-12,253.46,2868.44
FAIL-00578,TURB-0033,Gearbox,2022-02-02,8.78,11903.19
FAIL-00579,TURB-0048,Blade,2020-06-09,323.02,7452.3
FAIL-00580,TURB-0022,Yaw System,2024-05-30,489.25,3187.67
FAIL-00581,TURB-0037,Tower,2020-02-19,127.21,9860.34
FAIL-00582,TURB-0020,Control System,2024-03-18,144.33,33073.12
FAIL-00583,TURB-0038,Tower,2020-12-30,60.69,28033.17
FAIL-00584,TURB-0010,Yaw System,2024-01-17,443.94,2101.02
FAIL-00585,TURB-0018,Generator,2023-04-15,77.66,36048.4
FAIL-00586,TURB-0018,Generator,2020-04-10,155.41,13958.46
FAIL-00587,TURB-0010,Tower,2020-02-14,261.96,18595.03
FAIL-00588,TURB-0022,Control System,2021-09-02,366.47,5429.85
FAIL-00589,TURB-0028,Gearbox,2024-05-06,137.5,46047.96
FAIL-00590,TURB-0019,Yaw System,2020-02-15,187.36,32223.47
FAIL-00591,TURB-0006,Gearbox,2020-01-29,481.82,23300.02
FAIL-00592,TURB-0009,Control System,2022-08-28,32.11,1860.87
FAIL-00593,TURB-0033,Blade,2021-08-29,136.97,22364.52
FAIL-00594,TURB-0021,Control System,2022-03-28,251.87,40258.01
FAIL-00595,TURB-0010,Yaw System,2024-08-04,458.36,28821.58
FAIL-00596,TURB-0024,Generator,2023-10-21,171.07,22006.34
FAIL-00597,TURB-0016,Gearbox,2023-06-04,280.71,24739.18
FAIL-00598,TURB-0002,Blade,2024-02-07,7.14,15098.05
FAIL-00599,TURB-0042,Generator,2022-10-07,156.41,1739.95
FAIL-00600,TURB-0036,Gearbox,2024-07-22,169.43,5134.77
FAIL-00601,TURB-0007,Control System,2024-04-10,308.95,6276.15
FAIL-00602,TURB-0033,Blade,2020-06-08,151.78,13518.11
FAIL-00603,TURB-0020,Generator,2020-01-03,189.48,38514.15
FAIL-00604,TURB-0012,Tower,2022-01-19,417.6,35774.63
FAIL-00605,TURB-0032,Blade,2022-05-21,280.38,29827.28
FAIL-00606,TURB-0014,Generator,2022-06-12,29.23,31331.03
FAIL-00607,TURB-0038,Generator,2023-11-20,61.17,1228.44
FAIL-00608,TURB-0034,Blade,2022-08-26,368.51,12457.84
FAIL-00609,TURB-0045,Yaw System,2021-03-16,435.97,5385.05
FAIL-00610,TURB-0041,Yaw System,2023-06-14,114.26,44995.97
FAIL-00611,TURB-0050,Generator,2023-01-06,337.92,46127.82
FAIL-00612,TURB-0039,Control System,2020-10-26,497.89,46785.24
FAIL-00613,TURB-0014,Tower,2020-03-01,492.5,47640.28
FAIL-00614,TURB-0017,Blade,2022-09-23,15.73,2429.3
FAIL-00615,TURB-0016,Generator,2021-06-22,284.44,7905.66
FAIL-00616,TURB-0049,Generator,2023-09-29,215.55,3075.46
FAIL-00617,TURB-0027,Yaw System,2024-08-26,324.1,3019.75
FAIL-00618,TURB-0012,Generator,2022-09-29,494.04,5669.42
FAIL-00619,TURB-0007,Blade,2023-06-06,392.91,10434.85
FAIL-00620,TURB-0042,Generator,2020-02-28,324.86,35592.84
FAIL-00621,TURB-0029,Gearbox,2021-11-18,304.59,19847.67
FAIL-00622,TURB-0049,Generator,2022-03-01,401.67,37627.97
FAIL-00623,TURB-0020,Tower,2024-10-18,492.78,49204.98
FAIL-00624,TURB-0007,Generator,2021-09-10,339.81,25658.73
FAIL-00625,TURB-0040,Tower,2020-09-06,198.19,34340.99
FAIL-00626,TURB-0025,Tower,2020-08-08,139.67,27860.09
FAIL-00627,TURB-0003,Gearbox,2024-03-19,324.68,15250.91
FAIL-00628,TURB-0020,Control System,2024-03-05,485.86,47076.68
FAIL-00629,TURB-0015,Tower,2023-05-06,441.64,19135.82
FAIL-00630,TURB-0050,Control System,2020-07-09,175.67,34577.73
FAIL-00631,TURB-0039,Tower,2022-02-11,345.57,45345.35
FAIL-00632,TURB-0019,Control System,2022-12-27,382.63,5148.4
FAIL-00633,TURB-0028,Gearbox,2020-06-22,65.76,32231.79
FAIL-00634,TURB-0038,Blade,2023-11-07,143.24,13348.51
FAIL-00635,TURB-0003,Gearbox,2020-01-21,355.95,32794.49
FAIL-00636,TURB-0023,Control System,2020-09-02,194.98,24622.96
FAIL-00637,TURB-0001,Blade,2024-02-06,26.07,14684.47
FAIL-00638,TURB-0011,Blade,2024-07-20,498.44,11863.0
FAIL-00639,TURB-0020,Control System,2022-12-21,273.68,12302.65
FAIL-00640,TURB-0016,Blade,2021-08-14,157.63,19588.55
FAIL-00641,TURB-0013,Blade,2024-04-25,34.01,5259.39
FAIL-00642,TURB-0029,Yaw System,2020-04-21,175.74,2599.46
FAIL-00643,TURB-0049,Generator,2020-05-02,256.85,45517.5
FAIL-00644,TURB-0037,Generator,2022-05-26,414.81,39936.75
FAIL-00645,TURB-0039,Tower,2022-03-31,312.4,27597.92
FAIL-00646,TURB-0004,Blade,2021-05-29,59.22,44588.74
FAIL-00647,TURB-0029,Blade,2022-05-10,205.04,23608.28
FAIL-00648,TURB-0035,Generator,2023-07-23,167.0,42263.35
FAIL-00649,TURB-0041,Blade,2023-11-22,18.0,29846.32
FAIL-00650,TURB-0028,Gearbox,2020-04-16,169.83,45760.68
FAIL-00651,TURB-0015,Blade,2024-05-23,235.11,5693.79
FAIL-00652,TURB-0042,Gearbox,2024-01-05,215.65,17320.44
FAIL-00653,TURB-0048,Control System,2022-04-29,347.75,47068.99
FAIL-00654,TURB-0022,Yaw System,2024-04-19,227.63,37340.13
FAIL-00655,TURB-0047,Yaw System,2020-03-11,35.66,24751.87
FAIL-00656,TURB-0040,Gearbox,2022-10-17,319.04,27322.48
FAIL-00657,TURB-0036,Gearbox,2022-07-04,352.43,37800.68
FAIL-00658,TURB-0024,Control System,2022-09-21,340.05,38907.92
FAIL-00659,TURB-0023,Tower,2023-10-19,288.98,3819.07
FAIL-00660,TURB-0041,Gearbox,2021-12-08,20.22,28686.53
FAIL-00661,TURB-0015,Yaw System,2020-11-02,419.97,15964.14
FAIL-00662,TURB-0010,Gearbox,2021-11-15,305.47,49667.94
FAIL-00663,TURB-0041,Tower,2021-03-07,285.0,39569.05
FAIL-00664,TURB-0003,Control System,2020-02-29,362.95,1077.09
FAIL-00665,TURB-0003,Generator,2023-05-30,293.87,4850.06
FAIL-00666,TURB-0023,Gearbox,2022-08-21,276.48,8542.29
FAIL-00667,TURB-0025,Tower,2022-03-30,50.92,10117.42
FAIL-00668,TURB-0023,Yaw System,2020-04-07,208.59,44288.77
FAIL-00669,TURB-0048,Gearbox,2024-03-04,209.36,36734.24
FAIL-00670,TURB-0010,Gearbox,2024-11-13,97.28,28522.16
FAIL-00671,TURB-0015,Yaw System,2024-02-17,322.36,28874.41
FAIL-00672,TURB-0014,Control System,2021-08-16,242.53,47696.66
FAIL-00673,TURB-0032,Blade,2023-11-27,25.73,17366.35
FAIL-00674,TURB-0012,Yaw System,2024-05-28,250.59,34592.93
FAIL-00675,TURB-0026,Tower,2021-05-07,44.01,21375.67
FAIL-00676,TURB-0035,Yaw System,2024-11-24,478.57,4264.28
FAIL-00677,TURB-0040,Gearbox,2020-05-29,404.3,22703.2
FAIL-00678,TURB-0022,Generator,2023-11-03,240.98,24723.7
FAIL-00679,TURB-0002,Blade,2024-04-09,252.65,4174.53
FAIL-00680,TURB-0023,Generator,2023-10-12,243.93,35133.39
FAIL-00681,TURB-0007,Tower,2024-10-31,53.15,27411.14
FAIL-00682,TURB-0007,Gearbox,2023-04-04,283.34,9764.27
FAIL-00683,TURB-0042,Yaw System,2024-11-12,265.34,42216.27
FAIL-00684,TURB-0002,Tower,2020-09-09,47.18,39382.07
FAIL-00685,TURB-0006,Tower,2024-11-12,58.53,11140.32
FAIL-00686,TURB-0019,Blade,2024-08-02,252.8,47958.15
FAIL-00687,TURB-0029,Tower,2024-09-17,477.81,14970.56
FAIL-00688,TURB-0029,Yaw System,2021-02-17,365.88,42076.93
FAIL-00689,TURB-0011,Blade,2023-11-07,182.96,39314.93
FAIL-00690,TURB-0036,Generator,2021-10-10,87.98,35139.8
FAIL-00691,TURB-0010,Blade,2021-09-28,51.9,14045.38
FAIL-00692,TURB-0046,Gearbox,2021-10-26,141.46,26111.44
FAIL-00693,TURB-0033,Control System,2021-06-11,477.75,16346.41
FAIL-00694,TURB-0018,Blade,2023-01-03,218.14,47548.93
FAIL-00695,TURB-0014,Tower,2020-11-09,422.88,6788.26
FAIL-00696,TURB-0039,Gearbox,2022-07-24,10.0,23096.9
FAIL-00697,TURB-0021,Control System,2020-08-05,208.68,48834.54
FAIL-00698,TURB-0046,Yaw System,2020-08-31,287.1,40887.44
FAIL-00699,TURB-0007,Blade,2024-12-26,472.46,15709.95
FAIL-00700,TURB-0036,Blade,2022-06-23,88.61,19367.97
FAIL-00701,TURB-0035,Gearbox,2020-07-22,269.84,40749.3
FAIL-00702,TURB-0021,Blade,2024-06-05,389.01,35300.23
FAIL-00703,TURB-0020,Tower,2023-01-16,31.88,41208.33
FAIL-00704,TURB-0008,Yaw System,2020-04-28,286.98,46826.82
FAIL-00705,TURB-0009,Yaw System,2020-07-16,237.35,44855.39
FAIL-00706,TURB-0036,Generator,2020-04-11,394.22,31212.98
FAIL-00707,TURB-0044,Generator,2020-01-03,281.88,24744.87
FAIL-00708,TURB-0049,Generator,2024-07-01,342.87,25722.24
FAIL-00709,TURB-0032,Control System,2024-02-23,163.45,44386.88
FAIL-00710,TURB-0009,Gearbox,2021-10-22,246.4,35409.12
FAIL-00711,TURB-0018,Gearbox,2024-04-16,110.85,45913.79
FAIL-00712,TURB-0027,Generator,2023-04-18,91.98,11590.62
FAIL-00713,TURB-0002,Blade,2022-11-17,244.17,46112.08
FAIL-00714,TURB-0023,Generator,2020-09-28,395.49,9916.84
FAIL-00715,TURB-0002,Generator,2023-03-29,481.29,19010.71
FAIL-00716,TURB-0017,Yaw System,2020-11-26,249.2,5980.84
FAIL-00717,TURB-0014,Tower,2021-08-01,230.59,9804.4
FAIL-00718,TURB-0011,Blade,2022-03-27,359.02,42702.81
FAIL-00719,TURB-0019,Control System,2022-02-23,170.58,37379.02
FAIL-00720,TURB-0018,Tower,2022-01-07,40.04,22613.95
FAIL-00721,TURB-0004,Blade,2023-12-04,202.64,33597.05
FAIL-00722,TURB-0041,Control System,2021-11-14,434.47,29331.33
FAIL-00723,TURB-0034,Gearbox,2021-09-24,59.76,6402.02
FAIL-00724,TURB-0046,Control System,2020-02-15,104.41,3855.32
FAIL-00725,TURB-0049,Tower,2023-08-14,234.94,41344.29
FAIL-00726,TURB-0021,Tower,2022-08-31,441.07,45290.14
FAIL-00727,TURB-0025,Gearbox,2021-12-07,401.48,41819.17
FAIL-00728,TURB-0021,Yaw System,2024-12-09,11.22,49757.23
FAIL-00729,TURB-0024,Blade,2024-04-18,145.12,49495.21
FAIL-00730,TURB-0016,Yaw System,2021-10-10,25.17,49530.85
FAIL-00731,TURB-0029,Yaw System,2024-09-18,89.75,36345.16
FAIL-00732,TURB-0050,Gearbox,2024-01-12,285.88,39430.51
FAIL-00733,TURB-0028,Tower,2020-12-10,83.39,29353.85
FAIL-00734,TURB-0049,Control System,2020-02-07,245.99,15957.5
FAIL-00735,TURB-0026,Blade,2021-04-22,398.2,41927.24
FAIL-00736,TURB-0013,Yaw System,2021-06-29,116.38,1680.49
FAIL-00737,TURB-0038,Tower,2024-02-11,145.91,49353.14
FAIL-00738,TURB-0040,Gearbox,2023-06-16,464.13,49721.95
FAIL-00739,TURB-0006,Tower,2020-01-28,403.07,8852.42
FAIL-00740,TURB-0030,Blade,2021-03-05,497.19,17334.55
FAIL-00741,TURB-0017,Blade,2022-05-05,160.01,45702.66
FAIL-00742,TURB-0025,Tower,2021-12-04,467.03,42734.77
FAIL-00743,TURB-0031,Gearbox,2023-04-12,361.0,49342.17
FAIL-00744,TURB-0039,Gearbox,2021-11-10,416.11,27842.01
FAIL-00745,TURB-0009,Generator,2024-10-19,166.28,45316.62
FAIL-00746,TURB-0047,Tower,2021-07-09,482.39,40641.4
FAIL-00747,TURB-0030,Blade,2020-05-20,246.2,48342.07
FAIL-00748,TURB-0034,Yaw System,2021-11-02,238.82,33563.22
FAIL-00749,TURB-0002,Blade,2022-01-08,337.7,29145.24
FAIL-00750,TURB-0046,Gearbox,2023-09-25,127.64,2170.07
FAIL-00751,TURB-0001,Control System,2021-05-14,40.03,4695.51
FAIL-00752,TURB-0012,Control System,2021-05-09,155.73,2956.17
FAIL-00753,TURB-0027,Generator,2021-07-09,168.5,25896.31
FAIL-00754,TURB-0015,Generator,2020-11-13,495.58,46598.28
FAIL-00755,TURB-0049,Yaw System,2022-12-12,386.18,4884.69
FAIL-00756,TURB-0035,Control System,2024-12-08,395.02,41537.34
FAIL-00757,TURB-0006,Generator,2024-12-09,82.49,16620.37
FAIL-00758,TURB-0024,Gearbox,2020-08-11,370.63,3981.08
FAIL-00759,TURB-0005,Tower,2020-04-25,6.77,26130.34
FAIL-00760,TURB-0036,Tower,2022-07-28,34.83,22765.01
FAIL-00761,TURB-0007,Control System,2024-09-20,60.19,22036.43
FAIL-00762,TURB-0002,Tower,2021-02-04,6.45,40022.83
FAIL-00763,TURB-0040,Gearbox,2022-01-10,138.08,33331.13
FAIL-00764,TURB-0050,Control System,2024-02-27,466.27,16466.13
FAIL-00765,TURB-0010,Control System,2023-04-12,193.38,21488.22
FAIL-00766,TURB-0008,Blade,2021-06-06,141.11,32842.36
FAIL-00767,TURB-0003,Tower,2020-10-22,138.5,36736.1
FAIL-00768,TURB-0005,Control System,2024-03-02,83.85,46324.82
FAIL-00769,TURB-0034,Blade,2023-10-20,226.66,48121.78
FAIL-00770,TURB-0013,Yaw System,2023-09-29,328.27,31447.39
FAIL-00771,TURB-0040,Control System,2022-05-27,389.22,24383.6
FAIL-00772,TURB-0032,Blade,2022-01-11,261.61,8101.96
FAIL-00773,TURB-0037,Control System,2023-10-22,222.31,18271.81
FAIL-00774,TURB-0033,Tower,2021-04-15,46.95,21655.15
FAIL-00775,TURB-0045,Control System,2024-12-15,216.43,24432.55
FAIL-00776,TURB-0050,Gearbox,2022-08-18,94.37,42365.01
FAIL-00777,TURB-0042,Blade,2021-12-14,409.16,27618.06
FAIL-00778,TURB-0016,Gearbox,2022-07-21,153.52,24446.05
FAIL-00779,TURB-0015,Yaw System,2023-03-09,340.74,6693.49
FAIL-00780,TURB-0029,Tower,2024-11-26,13.08,44071.34
FAIL-00781,TURB-0025,Yaw System,2020-02-15,276.07,32807.41
FAIL-00782,TURB-0044,Yaw System,2022-11-23,157.68,17637.8
FAIL-00783,TURB-0041,Gearbox,2020-10-02,195.83,10741.19
FAIL-00784,TURB-0006,Tower,2022-02-26,31.59,9144.3
FAIL-00785,TURB-0002,Yaw System,2023-06-21,304.58,20660.19
FAIL-00786,TURB-0037,Tower,2023-01-03,223.85,2843.63
FAIL-00787,TURB-0001,Gearbox,2022-06-16,128.7,3585.58
FAIL-00788,TURB-0030,Gearbox,2024-03-13,74.01,3515.58
FAIL-00789,TURB-0011,Control System,2022-05-02,357.11,30271.42
FAIL-00790,TURB-0005,Generator,2020-06-30,270.65,8823.52
FAIL-00791,TURB-0041,Generator,2022-02-17,305.18,49513.73
FAIL-00792,TURB-0021,Tower,2022-02-25,270.65,23183.99
FAIL-00793,TURB-0025,Control System,2024-12-23,490.71,26501.24
FAIL-00794,TURB-0021,Generator,2021-12-26,126.0,23245.85
FAIL-00795,TURB-0022,Gearbox,2022-10-07,39.41,39383.22
FAIL-00796,TURB-0046,Yaw System,2020-08-27,301.95,43852.54
FAIL-00797,TURB-0003,Blade,2020-05-07,307.77,31596.53
FAIL-00798,TURB-0005,Yaw System,2024-08-22,258.72,40536.28
FAIL-00799,TURB-0044,Gearbox,2024-12-08,397.93,19921.29
FAIL-00800,TURB-0018,Generator,2021-04-22,67.07,4320.12
FAIL-00801,TURB-0049,Yaw System,2020-04-06,378.59,19896.89
FAIL-00802,TURB-0028,Generator,2022-03-31,473.31,15333.37
FAIL-00803,TURB-0025,Tower,2022-09-16,78.4,12662.8
FAIL-00804,TURB-0006,Generator,2024-11-15,334.57,30776.88
FAIL-00805,TURB-0008,Tower,2024-04-16,411.52,48488.78
FAIL-00806,TURB-0013,Blade,2023-11-12,474.85,1481.62
FAIL-00807,TURB-0021,Control System,2020-10-02,188.62,1166.01
FAIL-00808,TURB-0009,Gearbox,2022-06-14,344.15,20137.26
FAIL-00809,TURB-0042,Generator,2021-06-30,293.41,16671.78
FAIL-00810,TURB-0048,Control System,2024-02-08,30.31,41647.93
FAIL-00811,TURB-0050,Control System,2020-03-03,88.89,5549.64
FAIL-00812,TURB-0033,Yaw System,2023-10-13,464.48,45549.89
FAIL-00813,TURB-0024,Generator,2024-04-30,222.84,6472.94
FAIL-00814,TURB-0026,Generator,2021-04-04,142.35,47211.82
FAIL-00815,TURB-0028,Yaw System,2023-01-29,349.01,8750.31
FAIL-00816,TURB-0022,Gearbox,2022-02-23,69.48,26105.86
FAIL-00817,TURB-0011,Gearbox,2020-02-19,192.08,47543.62
FAIL-00818,TURB-0040,Yaw System,2021-09-05,360.25,14138.64
FAIL-00819,TURB-0049,Tower,2024-11-29,475.52,29728.66
FAIL-00820,TURB-0011,Generator,2022-04-19,469.79,7709.98
FAIL-00821,TURB-0001,Generator,2021-01-11,138.79,11431.39
FAIL-00822,TURB-0047,Gearbox,2022-05-02,112.38,16337.57
FAIL-00823,TURB-0047,Tower,2024-01-24,230.42,25950.46
FAIL-00824,TURB-0005,Gearbox,2020-07-31,343.18,24110.67
FAIL-00825,TURB-0031,Gearbox,2024-01-19,50.2,22171.13
FAIL-00826,TURB-0013,Generator,2022-07-31,38.33,1675.74
FAIL-00827,TURB-0001,Generator,2024-05-21,429.26,4555.67
FAIL-00828,TURB-0010,Yaw System,2022-04-11,479.55,44368.07
FAIL-00829,TURB-0011,Yaw System,2023-06-19,211.31,17300.43
FAIL-00830,TURB-0023,Tower,2021-09-15,264.84,36261.73
FAIL-00831,TURB-0003,Control System,2023-12-25,65.88,35550.69
FAIL-00832,TURB-0001,Blade,2022-07-24,87.57,43015.21
FAIL-00833,TURB-0022,Control System,2020-12-15,46.33,47895.19
FAIL-00834,TURB-0037,Yaw System,2020-12-01,346.57,8685.06
FAIL-00835,TURB-0033,Yaw System,2023-09-22,320.41,45516.76
FAIL-00836,TURB-0034,Yaw System,2023-05-25,412.09,30431.64
FAIL-00837,TURB-0042,Yaw System,2022-06-02,482.67,9435.55
FAIL-00838,TURB-0007,Blade,2020-07-30,112.63,40699.19
FAIL-00839,TURB-0011,Yaw System,2022-04-26,442.08,26500.0
FAIL-00840,TURB-0039,Gearbox,2022-10-21,178.51,35673.89
FAIL-00841,TURB-0046,Control System,2024-02-08,230.16,31404.47
FAIL-00842,TURB-0009,Control System,2020-02-16,75.88,5165.57
FAIL-00843,TURB-0017,Tower,2022-02-16,306.61,47852.25
FAIL-00844,TURB-0028,Yaw System,2023-08-21,286.27,20094.57
FAIL-00845,TURB-0020,Generator,2023-05-29,461.86,15095.13
FAIL-00846,TURB-0029,Blade,2022-08-14,410.19,43772.92
FAIL-00847,TURB-0046,Blade,2020-03-30,343.07,6109.84
FAIL-00848,TURB-0015,Yaw System,2024-05-15,492.3,9916.95
FAIL-00849,TURB-0009,Generator,2024-03-25,364.13,45901.87
FAIL-00850,TURB-0029,Yaw System,2020-01-04,389.19,19444.45
FAIL-00851,TURB-0041,Generator,2023-11-12,326.99,3098.29
FAIL-00852,TURB-0002,Blade,2022-07-01,86.66,40472.89
FAIL-00853,TURB-0014,Blade,2022-08-18,66.07,4704.57
FAIL-00854,TURB-0039,Generator,2021-07-26,399.16,22297.03
FAIL-00855,TURB-0029,Generator,2020-09-29,291.89,13367.84
FAIL-00856,TURB-0035,Yaw System,2021-04-27,30.78,35361.1
FAIL-00857,TURB-0013,Control System,2024-04-13,208.81,1282.12
FAIL-00858,TURB-0006,Blade,2023-11-26,390.88,4479.25
FAIL-00859,TURB-0037,Blade,2024-05-29,255.24,18926.6
FAIL-00860,TURB-0027,Tower,2024-12-08,231.76,28413.74
FAIL-00861,TURB-0048,Gearbox,2023-08-17,87.56,44584.17
FAIL-00862,TURB-0024,Gearbox,2021-10-02,210.25,26504.84
FAIL-00863,TURB-0031,Gearbox,2021-06-23,98.98,23196.17
FAIL-00864,TURB-0017,Control System,2021-12-10,9.72,43256.99
FAIL-00865,TURB-0020,Control System,2022-06-24,132.97,10293.0
FAIL-00866,TURB-0043,Tower,2021-03-22,159.26,20120.04
FAIL-00867,TURB-0038,Gearbox,2023-11-15,380.78,12170.56
FAIL-00868,TURB-0006,Control System,2024-03-09,311.91,22344.0
FAIL-00869,TURB-0042,Generator,2022-12-11,153.32,37011.49
FAIL-00870,TURB-0006,Yaw System,2023-11-02,437.37,35587.03
FAIL-00871,TURB-0017,Yaw System,2022-01-12,258.72,27630.79
FAIL-00872,TURB-0022,Gearbox,2021-03-15,215.83,28760.74
FAIL-00873,TURB-0007,Control System,2023-05-04,314.34,24373.01
FAIL-00874,TURB-0017,Tower,2024-09-26,244.26,12989.55
FAIL-00875,TURB-0002,Control System,2021-05-15,206.43,48242.5
FAIL-00876,TURB-0016,Tower,2024-05-05,479.74,3496.16
FAIL-00877,TURB-0009,Blade,2023-09-13,401.39,47319.04
FAIL-00878,TURB-0032,Control System,2024-07-03,181.08,9924.9
FAIL-00879,TURB-0009,Blade,2021-07-07,375.79,25417.37
FAIL-00880,TURB-0017,Gearbox,2022-10-27,132.9,16654.23
FAIL-00881,TURB-0016,Generator,2021-12-21,135.44,6499.49
FAIL-00882,TURB-0050,Blade,2023-06-05,378.7,32447.42
FAIL-00883,TURB-0010,Generator,2021-05-21,370.96,12318.14
FAIL-00884,TURB-0035,Gearbox,2020-03-15,72.22,41238.26
FAIL-00885,TURB-0046,Blade,2024-02-05,416.23,18690.97
FAIL-00886,TURB-0047,Gearbox,2024-09-15,322.53,40126.07
FAIL-00887,TURB-0016,Tower,2023-03-12,227.12,8371.18
FAIL-00888,TURB-0003,Yaw System,2024-10-28,323.28,35278.27
FAIL-00889,TURB-0008,Gearbox,2023-03-20,453.95,31662.31
FAIL-00890,TURB-0023,Gearbox,2023-09-23,50.4,37206.75
FAIL-00891,TURB-0027,Gearbox,2020-04-10,319.56,29632.38
FAIL-00892,TURB-0026,Gearbox,2024-11-12,440.38,23137.11
FAIL-00893,TURB-0004,Control System,2024-11-25,361.82,16483.53
FAIL-00894,TURB-0048,Generator,2023-04-09,140.41,5664.36
FAIL-00895,TURB-0041,Tower,2021-08-17,94.47,47683.9
FAIL-00896,TURB-0015,Generator,2024-07-20,442.5,18126.45
FAIL-00897,TURB-0005,Tower,2023-09-03,376.5,30040.94
FAIL-00898,TURB-0048,Generator,2021-07-13,90.61,32865.03
FAIL-00899,TURB-0015,Gearbox,2020-01-01,492.88,16146.33
FAIL-00900,TURB-0001,Yaw System,2024-05-10,387.24,48648.5
FAIL-00901,TURB-0039,Generator,2020-04-25,150.11,29795.55
FAIL-00902,TURB-0012,Control System,2024-09-21,341.09,26185.57
FAIL-00903,TURB-0048,Gearbox,2020-03-02,125.05,8094.55
FAIL-00904,TURB-0011,Gearbox,2023-12-24,212.68,29963.07
FAIL-00905,TURB-0024,Generator,2020-07-06,378.54,21456.84
FAIL-00906,TURB-0018,Gearbox,2021-05-10,297.57,4153.95
FAIL-00907,TURB-0042,Control System,2021-10-01,245.91,33991.21
FAIL-00908,TURB-0041,Tower,2022-11-28,62.1,12836.28
FAIL-00909,TURB-0008,Yaw System,2024-03-15,397.34,11433.74
FAIL-00910,TURB-0049,Tower,2020-04-19,355.67,14395.16
FAIL-00911,TURB-0013,Gearbox,2024-03-24,213.6,41152.5
FAIL-00912,TURB-0021,Yaw System,2021-09-13,150.93,40735.52
FAIL-00913,TURB-0034,Gearbox,2021-02-15,258.4,23391.71
FAIL-00914,TURB-0045,Tower,2021-12-15,65.76,8255.48
FAIL-00915,TURB-0023,Blade,2022-05-17,232.58,2278.35
FAIL-00916,TURB-0011,Tower,2022-05-20,224.29,16304.55
FAIL-00917,TURB-0045,Blade,2022-08-26,416.7,17106.84
FAIL-00918,TURB-0017,Yaw System,2024-09-23,342.6,19798.82
FAIL-00919,TURB-0050,Control System,2023-02-19,159.7,47177.57
FAIL-00920,TURB-0044,Yaw System,2021-05-11,179.29,14194.56
FAIL-00921,TURB-0047,Tower,2023-01-17,307.38,29338.58
FAIL-00922,TURB-0043,Yaw System,2021-10-21,403.51,29045.22
FAIL-00923,TURB-0034,Blade,2024-04-14,57.43,44957.45
FAIL-00924,TURB-0003,Tower,2024-11-09,490.26,47673.94
FAIL-00925,TURB-0023,Blade,2021-02-10,95.79,38426.21
FAIL-00926,TURB-0039,Gearbox,2020-05-22,219.45,42931.54
FAIL-00927,TURB-0043,Yaw System,2021-02-14,430.06,13953.13
FAIL-00928,TURB-0039,Yaw System,2020-06-11,472.47,5773.32
FAIL-00929,TURB-0009,Yaw System,2022-09-10,422.78,29288.2
FAIL-00930,TURB-0043,Tower,2020-12-22,80.98,42149.49
FAIL-00931,TURB-0013,Generator,2022-09-06,88.84,22584.75
FAIL-00932,TURB-0011,Tower,2022-12-09,21.71,5375.48
FAIL-00933,TURB-0043,Blade,2024-09-23,131.0,19457.65
FAIL-00934,TURB-0042,Control System,2023-11-07,251.29,33109.27
FAIL-00935,TURB-0025,Control System,2022-05-28,46.66,27336.35
FAIL-00936,TURB-0033,Yaw System,2024-04-21,346.12,19780.21
FAIL-00937,TURB-0025,Yaw System,2020-07-28,332.32,32719.45
FAIL-00938,TURB-0026,Gearbox,2024-08-22,255.73,10749.45
FAIL-00939,TURB-0028,Control System,2023-09-29,316.01,22667.52
FAIL-00940,TURB-0042,Control System,2023-05-17,139.51,47894.9
FAIL-00941,TURB-0029,Generator,2020-02-05,433.15,5282.94
FAIL-00942,TURB-0038,Tower,2023-11-23,58.38,1154.7
FAIL-00943,TURB-0006,Gearbox,2022-09-27,488.98,22178.0
FAIL-00944,TURB-0050,Blade,2021-06-08,52.01,1289.74
FAIL-00945,TURB-0002,Generator,2022-02-25,228.89,2762.17
FAIL-00946,TURB-0026,Generator,2020-02-22,120.66,26414.01
FAIL-00947,TURB-0050,Yaw System,2022-12-24,165.44,17880.3
FAIL-00948,TURB-0011,Gearbox,2022-08-16,245.08,39335.78
FAIL-00949,TURB-0021,Generator,2022-06-16,194.34,44235.22
FAIL-00950,TURB-0045,Control System,2022-07-23,107.87,7221.36
FAIL-00951,TURB-0015,Gearbox,2023-06-25,270.53,9265.01
FAIL-00952,TURB-0026,Control System,2021-12-22,84.77,3318.01
FAIL-00953,TURB-0013,Control System,2021-04-28,210.46,41997.81
FAIL-00954,TURB-0008,Generator,2023-06-25,477.87,46687.45
FAIL-00955,TURB-0044,Control System,2024-06-10,397.25,22934.64
FAIL-00956,TURB-0026,Blade,2024-07-02,311.28,16195.41
FAIL-00957,TURB-0037,Gearbox,2020-03-19,36.21,1932.98
FAIL-00958,TURB-0011,Gearbox,2021-04-26,445.15,26213.47
FAIL-00959,TURB-0010,Generator,2023-02-08,386.69,20600.14
FAIL-00960,TURB-0020,Yaw System,2023-06-17,310.61,2736.99
FAIL-00961,TURB-0019,Yaw System,2024-05-25,203.63,2113.88
FAIL-00962,TURB-0039,Yaw System,2022-05-19,423.44,44370.19
FAIL-00963,TURB-0010,Blade,2020-12-29,212.85,27647.58
FAIL-00964,TURB-0034,Control System,2023-01-27,429.31,27740.57
FAIL-00965,TURB-0022,Blade,2024-11-18,101.24,41474.86
FAIL-00966,TURB-0036,Blade,2020-11-21,85.52,24356.5
FAIL-00967,TURB-0047,Generator,2020-01-30,84.33,22014.5
FAIL-00968,TURB-0024,Tower,2022-09-10,50.81,33675.62
FAIL-00969,TURB-0005,Generator,2024-04-14,232.38,36904.97
FAIL-00970,TURB-0048,Blade,2024-05-04,481.1,29921.34
FAIL-00971,TURB-0005,Control System,2023-02-19,251.69,14175.68
FAIL-00972,TURB-0018,Generator,2022-10-15,111.5,25415.72
FAIL-00973,TURB-0004,Blade,2022-10-13,190.87,40564.88
FAIL-00974,TURB-0006,Tower,2021-11-25,478.79,29741.9
FAIL-00975,TURB-0039,Yaw System,2023-06-12,192.42,21148.99
FAIL-00976,TURB-0043,Control System,2022-10-29,457.26,38422.35
FAIL-00977,TURB-0015,Gearbox,2022-05-23,329.66,32585.55
FAIL-00978,TURB-0026,Blade,2023-08-29,447.6,19798.35
FAIL-00979,TURB-0005,Tower,2020-04-26,223.9,7933.99
FAIL-00980,TURB-0013,Control System,2024-12-23,293.92,18248.43
FAIL-00981,TURB-0006,Blade,2024-05-01,172.45,29067.49
FAIL-00982,TURB-0012,Control System,2021-12-01,17.86,11904.38
FAIL-00983,TURB-0048,Yaw System,2022-12-30,99.79,39981.13
FAIL-00984,TURB-0041,Generator,2023-04-07,272.91,12641.5
FAIL-00985,TURB-0022,Blade,2024-04-03,175.93,11796.38
FAIL-00986,TURB-0033,Generator,2022-07-25,256.2,32409.96
FAIL-00987,TURB-0024,Gearbox,2020-06-27,111.34,23694.13
FAIL-00988,TURB-0037,Blade,2022-05-28,471.15,18440.39
FAIL-00989,TURB-0010,Gearbox,2021-06-10,465.63,34737.37
FAIL-00990,TURB-0026,Control System,2022-10-16,447.43,18779.4
FAIL-00991,TURB-0005,Generator,2021-05-01,79.37,9472.3
FAIL-00992,TURB-0006,Tower,2023-09-21,462.02,23116.88
FAIL-00993,TURB-0033,Gearbox,2024-05-20,467.02,25070.73
FAIL-00994,TURB-0036,Yaw System,2022-11-28,170.59,16401.74
FAIL-00995,TURB-0022,Gearbox,2020-07-03,452.97,29662.91
FAIL-00996,TURB-0002,Control System,2023-04-26,328.45,31606.55
FAIL-00997,TURB-0007,Yaw System,2023-08-30,73.97,3152.69
FAIL-00998,TURB-0015,Control System,2021-05-15,424.55,28326.52
FAIL-00999,TURB-0018,Control System,2022-08-18,53.18,8674.9
