transaction_id,customer_id,transaction_date,transaction_type,amount_usd
TXN-000000,CUST-000009,2023-07-18,Fine,3668.51
TXN-000001,CUST-000069,2023-09-11,Maintenance Fee,2630.9
TXN-000002,CUST-000024,2024-09-19,Maintenance Fee,2824.36
TXN-000003,CUST-000046,2021-10-24,Maintenance Fee,9405.33
TXN-000004,CUST-000089,2023-12-29,Energy Purchase,9695.08
TXN-000005,CUST-000049,2020-04-17,Energy Purchase,2221.55
TXN-000006,CUST-000046,2024-01-13,Fine,6391.77
TXN-000007,CUST-000084,2023-03-29,Maintenance Fee,4060.22
TXN-000008,CUST-000095,2020-07-14,Energy Purchase,8540.75
TXN-000009,CUST-000034,2021-03-07,Government Subsidy,9703.8
TXN-000010,CUST-000092,2024-02-02,Fine,4601.79
TXN-000011,CUST-000089,2021-07-05,Fine,6546.33
TXN-000012,CUST-000095,2023-01-14,Government Subsidy,5095.42
TXN-000013,CUST-000020,2020-12-29,Government Subsidy,9592.43
TXN-000014,CUST-000042,2022-10-22,Energy Purchase,1920.41
TXN-000015,CUST-000043,2024-09-26,Maintenance Fee,3088.61
TXN-000016,CUST-000089,2023-07-08,Fine,1050.4
TXN-000017,CUST-000057,2021-06-24,Maintenance Fee,4399.55
TXN-000018,CUST-000055,2024-01-19,Maintenance Fee,1701.02
TXN-000019,CUST-000062,2021-08-10,Energy Purchase,362.25
TXN-000020,CUST-000019,2021-09-03,Energy Purchase,682.39
TXN-000021,CUST-000010,2020-09-23,Maintenance Fee,8580.75
TXN-000022,CUST-000064,2021-07-05,Government Subsidy,1448.21
TXN-000023,CUST-000089,2021-11-01,Fine,819.79
TXN-000024,CUST-000019,2020-02-14,Government Subsidy,3946.84
TXN-000025,CUST-000094,2022-09-25,Fine,2143.75
TXN-000026,CUST-000089,2021-08-28,Fine,8244.06
TXN-000027,CUST-000078,2020-01-21,Government Subsidy,4019.32
TXN-000028,CUST-000084,2024-03-17,Maintenance Fee,1455.7
TXN-000029,CUST-000075,2023-11-25,Government Subsidy,1159.87
TXN-000030,CUST-000098,2023-07-01,Maintenance Fee,2720.87
TXN-000031,CUST-000009,2021-03-01,Fine,4367.16
TXN-000032,CUST-000098,2024-10-15,Fine,449.23
TXN-000033,CUST-000048,2020-02-05,Maintenance Fee,5444.26
TXN-000034,CUST-000001,2020-09-20,Maintenance Fee,5689.69
TXN-000035,CUST-000080,2024-12-18,Government Subsidy,1023.24
TXN-000036,CUST-000069,2024-10-16,Energy Purchase,8177.64
TXN-000037,CUST-000097,2023-08-17,Fine,5162.61
TXN-000038,CUST-000087,2023-11-28,Government Subsidy,5106.68
TXN-000039,CUST-000001,2023-10-15,Fine,7538.0
TXN-000040,CUST-000094,2021-05-01,Fine,6814.68
TXN-000041,CUST-000023,2020-07-30,Energy Purchase,2589.61
TXN-000042,CUST-000048,2024-12-09,Government Subsidy,5666.0
TXN-000043,CUST-000065,2020-03-30,Fine,3427.95
TXN-000044,CUST-000098,2020-12-15,Fine,1034.37
TXN-000045,CUST-000022,2022-02-25,Energy Purchase,8611.91
TXN-000046,CUST-000014,2023-07-11,Fine,4707.37
TXN-000047,CUST-000025,2021-06-26,Maintenance Fee,9023.24
TXN-000048,CUST-000025,2021-10-28,Energy Purchase,9168.11
TXN-000049,CUST-000017,2023-02-01,Government Subsidy,9626.96
TXN-000050,CUST-000087,2020-06-29,Government Subsidy,4252.73
TXN-000051,CUST-000072,2021-10-03,Maintenance Fee,5448.21
TXN-000052,CUST-000044,2022-07-22,Government Subsidy,4803.74
TXN-000053,CUST-000040,2024-10-31,Government Subsidy,3141.3
TXN-000054,CUST-000088,2023-04-07,Government Subsidy,6444.95
TXN-000055,CUST-000049,2023-12-17,Fine,1760.02
TXN-000056,CUST-000057,2020-07-27,Government Subsidy,138.29
TXN-000057,CUST-000018,2023-07-11,Energy Purchase,1191.59
TXN-000058,CUST-000002,2020-06-11,Government Subsidy,2674.21
TXN-000059,CUST-000052,2020-11-25,Government Subsidy,313.19
TXN-000060,CUST-000023,2021-10-31,Fine,8061.23
TXN-000061,CUST-000010,2023-04-05,Maintenance Fee,5317.52
TXN-000062,CUST-000084,2021-01-12,Fine,100.42
TXN-000063,CUST-000058,2023-11-11,Government Subsidy,6217.76
TXN-000064,CUST-000089,2022-12-15,Maintenance Fee,8670.13
TXN-000065,CUST-000066,2022-03-21,Government Subsidy,3373.43
TXN-000066,CUST-000058,2024-05-02,Energy Purchase,9402.56
TXN-000067,CUST-000070,2024-01-17,Energy Purchase,469.11
TXN-000068,CUST-000056,2024-04-29,Maintenance Fee,6402.5
TXN-000069,CUST-000058,2022-08-12,Fine,2296.67
TXN-000070,CUST-000078,2023-06-14,Energy Purchase,5500.02
TXN-000071,CUST-000045,2024-03-19,Fine,2532.99
TXN-000072,CUST-000040,2021-06-28,Energy Purchase,9488.45
TXN-000073,CUST-000028,2021-05-09,Fine,9489.64
TXN-000074,CUST-000001,2023-10-29,Fine,8324.62
TXN-000075,CUST-000099,2024-09-18,Government Subsidy,8496.99
TXN-000076,CUST-000028,2022-05-28,Maintenance Fee,6039.54
TXN-000077,CUST-000031,2022-01-29,Maintenance Fee,7729.24
TXN-000078,CUST-000061,2021-12-26,Government Subsidy,2703.3
TXN-000079,CUST-000059,2020-07-12,Energy Purchase,3581.05
TXN-000080,CUST-000059,2022-02-02,Maintenance Fee,6445.85
TXN-000081,CUST-000055,2021-05-29,Energy Purchase,7648.81
TXN-000082,CUST-000058,2021-02-11,Maintenance Fee,2952.48
TXN-000083,CUST-000028,2020-08-18,Government Subsidy,4009.7
TXN-000084,CUST-000076,2024-08-29,Fine,2280.14
TXN-000085,CUST-000031,2020-06-30,Maintenance Fee,2363.02
TXN-000086,CUST-000018,2021-06-28,Fine,1494.03
TXN-000087,CUST-000049,2021-03-23,Maintenance Fee,1470.21
TXN-000088,CUST-000095,2024-01-29,Maintenance Fee,7549.7
TXN-000089,CUST-000066,2021-09-01,Maintenance Fee,928.74
TXN-000090,CUST-000046,2020-08-24,Energy Purchase,7542.92
TXN-000091,CUST-000038,2020-03-11,Government Subsidy,5637.56
TXN-000092,CUST-000087,2022-08-31,Government Subsidy,4713.52
TXN-000093,CUST-000018,2022-07-19,Fine,1077.75
TXN-000094,CUST-000067,2020-06-22,Government Subsidy,2895.76
TXN-000095,CUST-000071,2020-12-28,Maintenance Fee,2389.76
TXN-000096,CUST-000095,2023-09-08,Fine,2762.05
TXN-000097,CUST-000091,2022-09-25,Maintenance Fee,3823.05
TXN-000098,CUST-000014,2020-08-23,Energy Purchase,1296.08
TXN-000099,CUST-000061,2023-02-02,Maintenance Fee,3085.5
TXN-000100,CUST-000043,2021-09-06,Fine,741.85
TXN-000101,CUST-000002,2021-09-13,Government Subsidy,5714.28
TXN-000102,CUST-000077,2024-10-06,Energy Purchase,7834.76
TXN-000103,CUST-000020,2020-01-15,Energy Purchase,9516.39
TXN-000104,CUST-000024,2023-07-13,Energy Purchase,5148.24
TXN-000105,CUST-000058,2024-12-16,Energy Purchase,3539.39
TXN-000106,CUST-000037,2020-08-28,Energy Purchase,1966.4
TXN-000107,CUST-000036,2021-07-09,Energy Purchase,3208.5
TXN-000108,CUST-000017,2024-09-23,Fine,7608.73
TXN-000109,CUST-000003,2022-10-03,Fine,3856.11
TXN-000110,CUST-000015,2020-03-16,Government Subsidy,7168.42
TXN-000111,CUST-000081,2024-04-22,Fine,3183.35
TXN-000112,CUST-000064,2020-12-29,Government Subsidy,6288.06
TXN-000113,CUST-000081,2021-08-18,Energy Purchase,3184.02
TXN-000114,CUST-000054,2020-10-18,Maintenance Fee,8065.8
TXN-000115,CUST-000084,2020-07-07,Fine,9999.55
TXN-000116,CUST-000062,2024-10-15,Maintenance Fee,8062.58
TXN-000117,CUST-000087,2021-06-26,Government Subsidy,4710.05
TXN-000118,CUST-000076,2020-03-11,Energy Purchase,134.36
TXN-000119,CUST-000062,2020-08-10,Maintenance Fee,4432.37
TXN-000120,CUST-000015,2023-04-09,Maintenance Fee,6107.32
TXN-000121,CUST-000055,2021-11-18,Energy Purchase,9013.08
TXN-000122,CUST-000021,2021-12-04,Maintenance Fee,1580.31
TXN-000123,CUST-000096,2021-02-04,Fine,6885.99
TXN-000124,CUST-000009,2023-11-27,Government Subsidy,600.0
TXN-000125,CUST-000008,2021-11-15,Maintenance Fee,5897.68
TXN-000126,CUST-000056,2021-06-16,Energy Purchase,9604.89
TXN-000127,CUST-000060,2020-08-04,Maintenance Fee,1595.13
TXN-000128,CUST-000004,2024-04-21,Energy Purchase,8701.17
TXN-000129,CUST-000044,2023-10-13,Government Subsidy,5546.66
TXN-000130,CUST-000011,2024-09-15,Government Subsidy,2010.11
TXN-000131,CUST-000071,2020-07-14,Government Subsidy,9226.82
TXN-000132,CUST-000004,2023-12-10,Energy Purchase,5988.86
TXN-000133,CUST-000074,2021-02-27,Maintenance Fee,9445.86
TXN-000134,CUST-000074,2024-12-19,Government Subsidy,7355.06
TXN-000135,CUST-000094,2022-07-30,Fine,4346.31
TXN-000136,CUST-000011,2020-01-18,Maintenance Fee,4943.75
TXN-000137,CUST-000012,2020-04-02,Energy Purchase,3852.28
TXN-000138,CUST-000012,2021-11-10,Maintenance Fee,518.65
TXN-000139,CUST-000020,2022-06-19,Maintenance Fee,4569.79
TXN-000140,CUST-000024,2023-04-07,Maintenance Fee,7830.91
TXN-000141,CUST-000038,2021-02-18,Energy Purchase,4048.64
TXN-000142,CUST-000027,2020-12-15,Government Subsidy,8046.71
TXN-000143,CUST-000032,2022-10-29,Energy Purchase,8481.26
TXN-000144,CUST-000097,2023-08-25,Government Subsidy,1751.05
TXN-000145,CUST-000058,2023-09-18,Maintenance Fee,6129.62
TXN-000146,CUST-000059,2020-12-11,Energy Purchase,5881.54
TXN-000147,CUST-000014,2024-02-14,Energy Purchase,8642.43
TXN-000148,CUST-000015,2022-02-05,Maintenance Fee,9611.77
TXN-000149,CUST-000095,2023-07-13,Fine,9442.14
TXN-000150,CUST-000013,2021-07-13,Energy Purchase,9005.31
TXN-000151,CUST-000017,2023-05-02,Energy Purchase,5050.73
TXN-000152,CUST-000029,2023-02-07,Maintenance Fee,7990.42
TXN-000153,CUST-000053,2020-03-24,Maintenance Fee,3134.9
TXN-000154,CUST-000075,2021-09-13,Government Subsidy,6802.75
TXN-000155,CUST-000071,2024-12-08,Fine,9322.27
TXN-000156,CUST-000090,2021-01-07,Fine,5695.31
TXN-000157,CUST-000061,2024-05-09,Fine,7706.14
TXN-000158,CUST-000020,2021-12-05,Fine,6740.68
TXN-000159,CUST-000075,2021-10-19,Energy Purchase,3976.17
TXN-000160,CUST-000016,2024-05-07,Maintenance Fee,1646.26
TXN-000161,CUST-000032,2021-06-23,Energy Purchase,5293.42
TXN-000162,CUST-000077,2021-12-13,Energy Purchase,4990.77
TXN-000163,CUST-000039,2023-12-07,Government Subsidy,9606.89
TXN-000164,CUST-000094,2021-11-02,Government Subsidy,9791.47
TXN-000165,CUST-000076,2023-03-07,Energy Purchase,5770.24
TXN-000166,CUST-000048,2024-07-27,Energy Purchase,2208.51
TXN-000167,CUST-000064,2024-08-22,Energy Purchase,2793.45
TXN-000168,CUST-000020,2021-11-06,Energy Purchase,6270.2
TXN-000169,CUST-000023,2020-04-25,Energy Purchase,5717.59
TXN-000170,CUST-000054,2020-04-12,Maintenance Fee,4131.7
TXN-000171,CUST-000021,2022-05-27,Fine,4331.45
TXN-000172,CUST-000017,2020-12-08,Government Subsidy,8620.86
TXN-000173,CUST-000023,2021-11-03,Energy Purchase,3325.49
TXN-000174,CUST-000079,2022-01-02,Fine,6951.72
TXN-000175,CUST-000063,2020-05-16,Government Subsidy,6817.18
TXN-000176,CUST-000058,2020-08-11,Government Subsidy,5524.13
TXN-000177,CUST-000069,2024-01-01,Energy Purchase,1827.25
TXN-000178,CUST-000016,2023-02-13,Fine,3996.99
TXN-000179,CUST-000007,2022-01-31,Maintenance Fee,2681.07
TXN-000180,CUST-000090,2023-10-13,Energy Purchase,4927.23
TXN-000181,CUST-000025,2023-08-29,Energy Purchase,4318.78
TXN-000182,CUST-000067,2022-02-26,Fine,4048.3
TXN-000183,CUST-000058,2020-07-12,Energy Purchase,2065.73
TXN-000184,CUST-000016,2020-05-30,Maintenance Fee,2036.7
TXN-000185,CUST-000064,2022-02-27,Maintenance Fee,1135.29
TXN-000186,CUST-000033,2023-02-17,Maintenance Fee,3219.75
TXN-000187,CUST-000057,2020-07-15,Maintenance Fee,8522.99
TXN-000188,CUST-000004,2024-09-26,Maintenance Fee,1083.73
TXN-000189,CUST-000089,2022-01-06,Fine,4325.1
TXN-000190,CUST-000015,2022-11-24,Fine,6420.17
TXN-000191,CUST-000091,2022-04-27,Fine,515.54
TXN-000192,CUST-000026,2022-06-06,Maintenance Fee,4975.5
TXN-000193,CUST-000038,2022-12-31,Energy Purchase,7811.25
TXN-000194,CUST-000044,2024-11-23,Maintenance Fee,2983.3
TXN-000195,CUST-000070,2024-07-07,Maintenance Fee,2817.07
TXN-000196,CUST-000012,2021-07-29,Government Subsidy,5135.23
TXN-000197,CUST-000026,2022-01-17,Fine,5445.36
TXN-000198,CUST-000050,2020-09-10,Fine,4511.81
TXN-000199,CUST-000021,2022-12-02,Government Subsidy,6505.67
TXN-000200,CUST-000082,2022-09-13,Energy Purchase,6056.85
TXN-000201,CUST-000044,2022-09-27,Government Subsidy,9357.13
TXN-000202,CUST-000076,2024-03-23,Government Subsidy,1208.71
TXN-000203,CUST-000026,2020-08-21,Fine,7512.54
TXN-000204,CUST-000007,2023-11-08,Energy Purchase,377.21
TXN-000205,CUST-000086,2021-08-12,Energy Purchase,8882.93
TXN-000206,CUST-000007,2020-09-19,Maintenance Fee,1924.43
TXN-000207,CUST-000060,2024-11-06,Fine,2855.29
TXN-000208,CUST-000065,2020-12-14,Fine,3049.65
TXN-000209,CUST-000091,2023-09-08,Government Subsidy,269.04
TXN-000210,CUST-000099,2022-10-08,Government Subsidy,8364.44
TXN-000211,CUST-000098,2021-03-27,Maintenance Fee,3474.72
TXN-000212,CUST-000088,2023-01-11,Government Subsidy,3978.57
TXN-000213,CUST-000077,2023-12-16,Government Subsidy,6859.84
TXN-000214,CUST-000068,2023-04-25,Maintenance Fee,3628.31
TXN-000215,CUST-000084,2022-10-08,Government Subsidy,2778.5
TXN-000216,CUST-000095,2021-07-27,Government Subsidy,5253.32
TXN-000217,CUST-000010,2022-11-26,Fine,517.76
TXN-000218,CUST-000052,2021-08-03,Maintenance Fee,308.88
TXN-000219,CUST-000078,2022-09-14,Maintenance Fee,3650.02
TXN-000220,CUST-000075,2020-04-29,Government Subsidy,2172.72
TXN-000221,CUST-000051,2020-01-02,Energy Purchase,3205.12
TXN-000222,CUST-000038,2020-12-11,Fine,736.53
TXN-000223,CUST-000040,2021-04-10,Fine,3804.76
TXN-000224,CUST-000087,2023-07-08,Maintenance Fee,3041.96
TXN-000225,CUST-000048,2023-09-08,Maintenance Fee,352.22
TXN-000226,CUST-000022,2022-01-30,Maintenance Fee,8494.49
TXN-000227,CUST-000055,2020-09-23,Maintenance Fee,7584.95
TXN-000228,CUST-000058,2022-03-23,Government Subsidy,5282.01
TXN-000229,CUST-000058,2023-06-23,Maintenance Fee,4801.73
TXN-000230,CUST-000025,2021-10-12,Government Subsidy,7389.03
TXN-000231,CUST-000010,2020-05-13,Maintenance Fee,2402.85
TXN-000232,CUST-000041,2021-05-28,Government Subsidy,4424.85
TXN-000233,CUST-000064,2024-03-11,Government Subsidy,6832.66
TXN-000234,CUST-000081,2022-05-08,Fine,9802.05
TXN-000235,CUST-000024,2024-05-29,Energy Purchase,3943.59
TXN-000236,CUST-000042,2021-10-27,Maintenance Fee,5576.59
TXN-000237,CUST-000066,2022-01-08,Maintenance Fee,6906.62
TXN-000238,CUST-000079,2024-01-01,Government Subsidy,1135.9
TXN-000239,CUST-000096,2024-06-10,Energy Purchase,6332.97
TXN-000240,CUST-000058,2021-01-10,Energy Purchase,6246.7
TXN-000241,CUST-000063,2021-10-10,Fine,2799.8
TXN-000242,CUST-000041,2020-10-10,Government Subsidy,9920.55
TXN-000243,CUST-000096,2021-02-12,Maintenance Fee,6290.48
TXN-000244,CUST-000086,2024-09-15,Energy Purchase,6982.79
TXN-000245,CUST-000084,2020-01-12,Maintenance Fee,7157.99
TXN-000246,CUST-000016,2020-11-30,Government Subsidy,6111.41
TXN-000247,CUST-000045,2024-03-13,Energy Purchase,6741.45
TXN-000248,CUST-000037,2020-04-18,Maintenance Fee,686.07
TXN-000249,CUST-000064,2024-03-24,Energy Purchase,8580.33
TXN-000250,CUST-000032,2023-10-31,Fine,3288.7
TXN-000251,CUST-000035,2022-03-31,Maintenance Fee,7320.72
TXN-000252,CUST-000007,2024-08-18,Government Subsidy,5391.6
TXN-000253,CUST-000092,2022-05-07,Government Subsidy,5303.0
TXN-000254,CUST-000008,2024-06-01,Government Subsidy,776.77
TXN-000255,CUST-000012,2023-08-28,Fine,1130.72
TXN-000256,CUST-000066,2024-12-28,Maintenance Fee,9968.42
TXN-000257,CUST-000025,2023-10-23,Maintenance Fee,7016.73
TXN-000258,CUST-000020,2023-12-10,Energy Purchase,8338.3
TXN-000259,CUST-000006,2020-03-26,Government Subsidy,162.54
TXN-000260,CUST-000076,2021-01-05,Energy Purchase,1614.71
TXN-000261,CUST-000088,2022-03-18,Energy Purchase,2328.76
TXN-000262,CUST-000030,2020-11-28,Energy Purchase,4522.59
TXN-000263,CUST-000035,2024-05-06,Fine,6590.6
TXN-000264,CUST-000032,2024-02-23,Maintenance Fee,4379.34
TXN-000265,CUST-000081,2021-06-20,Energy Purchase,8184.94
TXN-000266,CUST-000007,2021-10-21,Maintenance Fee,1714.23
TXN-000267,CUST-000008,2022-05-16,Energy Purchase,6731.71
TXN-000268,CUST-000006,2024-02-20,Energy Purchase,737.66
TXN-000269,CUST-000049,2020-09-07,Government Subsidy,7653.82
TXN-000270,CUST-000073,2022-05-16,Maintenance Fee,6569.57
TXN-000271,CUST-000006,2020-11-02,Government Subsidy,5596.32
TXN-000272,CUST-000056,2021-07-18,Maintenance Fee,5654.18
TXN-000273,CUST-000009,2021-08-29,Fine,2928.26
TXN-000274,CUST-000026,2022-05-27,Fine,9206.57
TXN-000275,CUST-000066,2024-12-12,Maintenance Fee,1273.91
TXN-000276,CUST-000020,2023-08-08,Energy Purchase,2464.47
TXN-000277,CUST-000071,2020-06-10,Maintenance Fee,9459.66
TXN-000278,CUST-000062,2020-09-15,Maintenance Fee,3360.81
TXN-000279,CUST-000026,2020-05-22,Energy Purchase,4854.39
TXN-000280,CUST-000097,2021-11-23,Government Subsidy,9112.44
TXN-000281,CUST-000061,2021-09-29,Fine,5372.44
TXN-000282,CUST-000051,2024-02-19,Maintenance Fee,4903.56
TXN-000283,CUST-000098,2021-09-29,Fine,5271.08
TXN-000284,CUST-000093,2021-10-21,Maintenance Fee,9974.5
TXN-000285,CUST-000071,2021-09-17,Fine,9489.11
TXN-000286,CUST-000075,2023-03-06,Energy Purchase,7841.25
TXN-000287,CUST-000070,2021-06-12,Government Subsidy,6388.67
TXN-000288,CUST-000023,2021-04-14,Energy Purchase,9656.66
TXN-000289,CUST-000027,2020-11-02,Energy Purchase,5758.69
TXN-000290,CUST-000005,2022-05-03,Government Subsidy,6641.86
TXN-000291,CUST-000065,2020-12-02,Maintenance Fee,660.21
TXN-000292,CUST-000002,2020-10-31,Maintenance Fee,5288.86
TXN-000293,CUST-000091,2020-04-06,Maintenance Fee,6608.9
TXN-000294,CUST-000045,2022-04-23,Government Subsidy,4225.79
TXN-000295,CUST-000020,2020-12-10,Energy Purchase,1106.01
TXN-000296,CUST-000024,2023-05-06,Fine,6645.52
TXN-000297,CUST-000011,2021-12-05,Maintenance Fee,3898.35
TXN-000298,CUST-000023,2020-10-08,Government Subsidy,2533.48
TXN-000299,CUST-000066,2021-03-26,Maintenance Fee,2171.94
TXN-000300,CUST-000061,2023-02-05,Fine,2769.23
TXN-000301,CUST-000031,2023-05-15,Maintenance Fee,8212.38
TXN-000302,CUST-000009,2022-07-07,Fine,8413.72
TXN-000303,CUST-000052,2022-11-04,Government Subsidy,7292.98
TXN-000304,CUST-000079,2021-05-22,Fine,2589.92
TXN-000305,CUST-000029,2020-04-12,Maintenance Fee,1879.64
TXN-000306,CUST-000049,2022-09-15,Fine,2700.66
TXN-000307,CUST-000003,2021-06-25,Maintenance Fee,5625.49
TXN-000308,CUST-000065,2023-01-29,Government Subsidy,2990.1
TXN-000309,CUST-000037,2022-11-17,Energy Purchase,1326.54
TXN-000310,CUST-000086,2020-07-31,Maintenance Fee,6766.49
TXN-000311,CUST-000046,2024-07-20,Energy Purchase,9925.18
TXN-000312,CUST-000018,2020-12-31,Energy Purchase,8348.1
TXN-000313,CUST-000020,2023-09-15,Fine,7348.47
TXN-000314,CUST-000093,2023-12-03,Maintenance Fee,7473.38
TXN-000315,CUST-000016,2023-09-11,Energy Purchase,1224.03
TXN-000316,CUST-000096,2024-08-17,Fine,6311.01
TXN-000317,CUST-000043,2022-06-13,Maintenance Fee,1926.37
TXN-000318,CUST-000015,2023-12-12,Fine,6804.85
TXN-000319,CUST-000009,2024-12-24,Maintenance Fee,5906.23
TXN-000320,CUST-000059,2021-11-19,Energy Purchase,8505.38
TXN-000321,CUST-000037,2022-09-01,Maintenance Fee,6586.07
TXN-000322,CUST-000093,2022-08-21,Fine,4387.26
TXN-000323,CUST-000063,2022-12-12,Government Subsidy,646.72
TXN-000324,CUST-000026,2021-11-13,Energy Purchase,7615.33
TXN-000325,CUST-000014,2024-03-04,Energy Purchase,7331.21
TXN-000326,CUST-000010,2023-11-01,Government Subsidy,7110.2
TXN-000327,CUST-000016,2021-05-16,Maintenance Fee,5313.03
TXN-000328,CUST-000074,2024-01-05,Government Subsidy,5712.26
TXN-000329,CUST-000039,2023-10-11,Fine,1596.87
TXN-000330,CUST-000012,2022-08-27,Energy Purchase,3466.2
TXN-000331,CUST-000092,2021-06-12,Fine,4988.31
TXN-000332,CUST-000090,2023-05-28,Energy Purchase,1010.69
TXN-000333,CUST-000037,2021-10-26,Fine,5102.44
TXN-000334,CUST-000009,2020-07-11,Government Subsidy,8043.87
TXN-000335,CUST-000085,2021-08-20,Fine,4745.17
TXN-000336,CUST-000007,2021-12-16,Energy Purchase,9936.54
TXN-000337,CUST-000099,2024-01-14,Maintenance Fee,9245.46
TXN-000338,CUST-000032,2020-08-04,Maintenance Fee,1730.61
TXN-000339,CUST-000043,2024-01-28,Energy Purchase,7627.11
TXN-000340,CUST-000016,2021-11-24,Energy Purchase,2494.95
TXN-000341,CUST-000033,2024-01-01,Fine,1693.18
TXN-000342,CUST-000016,2022-09-01,Maintenance Fee,1966.52
TXN-000343,CUST-000060,2020-05-27,Government Subsidy,5671.06
TXN-000344,CUST-000049,2024-01-08,Fine,7971.19
TXN-000345,CUST-000053,2020-09-30,Maintenance Fee,9592.93
TXN-000346,CUST-000091,2024-02-06,Government Subsidy,5466.7
TXN-000347,CUST-000042,2022-07-01,Energy Purchase,5633.58
TXN-000348,CUST-000015,2023-05-10,Fine,360.55
TXN-000349,CUST-000093,2021-08-22,Fine,9014.9
TXN-000350,CUST-000038,2023-09-22,Fine,284.66
TXN-000351,CUST-000088,2024-11-16,Energy Purchase,513.3
TXN-000352,CUST-000053,2022-03-22,Fine,2972.18
TXN-000353,CUST-000054,2020-03-12,Energy Purchase,2039.27
TXN-000354,CUST-000027,2024-09-14,Energy Purchase,1505.14
TXN-000355,CUST-000001,2024-12-12,Energy Purchase,6089.57
TXN-000356,CUST-000089,2020-07-03,Fine,2842.69
TXN-000357,CUST-000091,2022-10-29,Maintenance Fee,2111.72
TXN-000358,CUST-000099,2024-09-10,Maintenance Fee,5167.91
TXN-000359,CUST-000016,2024-09-30,Government Subsidy,8575.44
TXN-000360,CUST-000084,2020-06-17,Government Subsidy,6526.07
TXN-000361,CUST-000017,2023-08-20,Fine,9309.6
TXN-000362,CUST-000042,2024-01-03,Government Subsidy,4556.09
TXN-000363,CUST-000004,2023-09-12,Fine,1355.88
TXN-000364,CUST-000041,2022-12-19,Maintenance Fee,7988.03
TXN-000365,CUST-000042,2022-01-04,Energy Purchase,9902.51
TXN-000366,CUST-000015,2023-02-11,Maintenance Fee,3916.43
TXN-000367,CUST-000015,2024-01-23,Maintenance Fee,9666.57
TXN-000368,CUST-000089,2020-07-14,Government Subsidy,4833.84
TXN-000369,CUST-000014,2021-12-19,Government Subsidy,3310.39
TXN-000370,CUST-000082,2021-12-23,Fine,3338.95
TXN-000371,CUST-000043,2020-07-20,Government Subsidy,6384.3
TXN-000372,CUST-000041,2021-04-06,Maintenance Fee,8704.26
TXN-000373,CUST-000023,2023-06-29,Government Subsidy,4278.84
TXN-000374,CUST-000015,2024-08-26,Maintenance Fee,59.81
TXN-000375,CUST-000034,2024-08-26,Energy Purchase,2063.96
TXN-000376,CUST-000091,2023-07-12,Energy Purchase,8785.44
TXN-000377,CUST-000027,2023-04-19,Energy Purchase,4855.4
TXN-000378,CUST-000065,2020-06-28,Maintenance Fee,2509.87
TXN-000379,CUST-000009,2024-03-06,Maintenance Fee,9101.94
TXN-000380,CUST-000095,2023-04-08,Energy Purchase,6290.66
TXN-000381,CUST-000099,2024-09-02,Maintenance Fee,2898.92
TXN-000382,CUST-000072,2022-10-14,Government Subsidy,5890.47
TXN-000383,CUST-000067,2020-03-19,Fine,7467.56
TXN-000384,CUST-000005,2020-06-16,Energy Purchase,8146.44
TXN-000385,CUST-000037,2022-05-16,Fine,4556.91
TXN-000386,CUST-000001,2024-11-25,Maintenance Fee,1171.09
TXN-000387,CUST-000026,2024-09-09,Maintenance Fee,6891.4
TXN-000388,CUST-000083,2021-10-11,Maintenance Fee,8661.66
TXN-000389,CUST-000076,2024-03-21,Energy Purchase,5655.21
TXN-000390,CUST-000017,2023-06-28,Fine,5054.78
TXN-000391,CUST-000062,2024-01-28,Government Subsidy,6666.11
TXN-000392,CUST-000045,2020-08-16,Energy Purchase,8225.05
TXN-000393,CUST-000096,2021-04-05,Maintenance Fee,5401.15
TXN-000394,CUST-000031,2024-11-21,Government Subsidy,9067.36
TXN-000395,CUST-000081,2022-12-25,Maintenance Fee,7252.46
TXN-000396,CUST-000032,2021-12-23,Fine,9568.95
TXN-000397,CUST-000015,2024-04-07,Government Subsidy,8791.93
TXN-000398,CUST-000063,2022-12-24,Maintenance Fee,1527.96
TXN-000399,CUST-000082,2023-09-23,Government Subsidy,8930.43
TXN-000400,CUST-000014,2022-09-08,Maintenance Fee,9738.21
TXN-000401,CUST-000004,2023-04-23,Government Subsidy,1069.75
TXN-000402,CUST-000038,2024-06-01,Fine,2785.95
TXN-000403,CUST-000024,2020-11-03,Fine,1243.01
TXN-000404,CUST-000064,2023-10-08,Maintenance Fee,5778.71
TXN-000405,CUST-000043,2021-12-17,Fine,8751.94
TXN-000406,CUST-000047,2020-12-07,Government Subsidy,1424.1
TXN-000407,CUST-000096,2022-05-12,Government Subsidy,5695.59
TXN-000408,CUST-000023,2024-11-07,Government Subsidy,6244.24
TXN-000409,CUST-000047,2022-11-17,Government Subsidy,7644.81
TXN-000410,CUST-000050,2020-07-09,Government Subsidy,1201.16
TXN-000411,CUST-000043,2023-02-26,Government Subsidy,8375.68
TXN-000412,CUST-000013,2020-06-02,Fine,5726.13
TXN-000413,CUST-000004,2024-11-10,Energy Purchase,965.03
TXN-000414,CUST-000028,2023-04-14,Fine,4557.81
TXN-000415,CUST-000001,2021-09-26,Government Subsidy,4326.01
TXN-000416,CUST-000041,2020-09-06,Government Subsidy,2857.45
TXN-000417,CUST-000094,2022-12-24,Energy Purchase,8200.45
TXN-000418,CUST-000007,2021-03-09,Fine,7737.46
TXN-000419,CUST-000025,2022-01-02,Energy Purchase,6707.01
TXN-000420,CUST-000013,2020-05-28,Fine,4105.54
TXN-000421,CUST-000086,2023-10-09,Fine,4871.86
TXN-000422,CUST-000012,2020-10-04,Government Subsidy,3741.74
TXN-000423,CUST-000002,2021-07-19,Fine,4464.29
TXN-000424,CUST-000002,2021-06-20,Government Subsidy,7526.52
TXN-000425,CUST-000003,2023-05-15,Maintenance Fee,1399.64
TXN-000426,CUST-000059,2023-04-09,Energy Purchase,2372.72
TXN-000427,CUST-000036,2020-03-09,Maintenance Fee,8483.0
TXN-000428,CUST-000061,2021-11-13,Energy Purchase,262.01
TXN-000429,CUST-000013,2021-08-11,Government Subsidy,1137.88
TXN-000430,CUST-000062,2022-12-26,Fine,9892.98
TXN-000431,CUST-000029,2020-11-15,Energy Purchase,5000.12
TXN-000432,CUST-000030,2020-01-26,Fine,5234.11
TXN-000433,CUST-000079,2021-06-05,Government Subsidy,6077.45
TXN-000434,CUST-000052,2022-01-17,Fine,4623.25
TXN-000435,CUST-000018,2023-03-09,Fine,7017.74
TXN-000436,CUST-000081,2021-10-26,Fine,9028.41
TXN-000437,CUST-000014,2021-06-29,Fine,8558.6
TXN-000438,CUST-000011,2024-05-29,Fine,4556.07
TXN-000439,CUST-000035,2021-03-20,Energy Purchase,5348.64
TXN-000440,CUST-000049,2022-06-29,Government Subsidy,9879.67
TXN-000441,CUST-000003,2021-08-22,Fine,4191.81
TXN-000442,CUST-000026,2024-05-29,Energy Purchase,1413.54
TXN-000443,CUST-000081,2021-01-13,Energy Purchase,536.25
TXN-000444,CUST-000096,2020-04-01,Fine,6281.0
TXN-000445,CUST-000038,2022-01-26,Maintenance Fee,4504.82
TXN-000446,CUST-000018,2023-06-29,Maintenance Fee,1733.82
TXN-000447,CUST-000022,2023-02-16,Energy Purchase,4969.1
TXN-000448,CUST-000061,2022-08-30,Government Subsidy,3765.34
TXN-000449,CUST-000095,2021-09-08,Maintenance Fee,8474.15
TXN-000450,CUST-000086,2024-06-03,Energy Purchase,6585.81
TXN-000451,CUST-000027,2021-10-05,Maintenance Fee,8835.59
TXN-000452,CUST-000095,2024-09-29,Fine,2373.75
TXN-000453,CUST-000018,2020-11-04,Energy Purchase,1172.79
TXN-000454,CUST-000052,2021-06-05,Maintenance Fee,8081.13
TXN-000455,CUST-000006,2022-12-27,Maintenance Fee,5058.44
TXN-000456,CUST-000004,2023-06-15,Fine,6665.14
TXN-000457,CUST-000098,2022-05-10,Energy Purchase,7849.17
TXN-000458,CUST-000007,2020-04-04,Maintenance Fee,9811.99
TXN-000459,CUST-000079,2020-07-25,Government Subsidy,8046.7
TXN-000460,CUST-000091,2020-12-06,Fine,2976.96
TXN-000461,CUST-000038,2024-05-03,Energy Purchase,143.41
TXN-000462,CUST-000057,2022-04-08,Government Subsidy,3818.41
TXN-000463,CUST-000033,2020-07-14,Government Subsidy,8459.24
TXN-000464,CUST-000014,2020-11-16,Government Subsidy,8355.31
TXN-000465,CUST-000085,2021-07-15,Energy Purchase,2501.27
TXN-000466,CUST-000084,2021-02-10,Energy Purchase,1268.29
TXN-000467,CUST-000055,2020-05-15,Fine,7331.0
TXN-000468,CUST-000058,2022-11-16,Maintenance Fee,3307.21
TXN-000469,CUST-000031,2023-02-07,Energy Purchase,6809.98
TXN-000470,CUST-000078,2023-02-11,Fine,354.75
TXN-000471,CUST-000094,2024-03-16,Government Subsidy,7575.68
TXN-000472,CUST-000042,2020-11-19,Maintenance Fee,4915.84
TXN-000473,CUST-000086,2023-06-19,Government Subsidy,8864.78
TXN-000474,CUST-000053,2021-02-05,Energy Purchase,4112.39
TXN-000475,CUST-000058,2022-12-24,Energy Purchase,4765.47
TXN-000476,CUST-000094,2022-06-22,Energy Purchase,2605.46
TXN-000477,CUST-000027,2022-01-16,Fine,3564.21
TXN-000478,CUST-000064,2020-07-11,Energy Purchase,1668.23
TXN-000479,CUST-000038,2022-11-08,Energy Purchase,4317.27
TXN-000480,CUST-000078,2023-09-14,Maintenance Fee,1922.52
TXN-000481,CUST-000048,2024-04-08,Maintenance Fee,4024.38
TXN-000482,CUST-000002,2021-11-22,Government Subsidy,7777.51
TXN-000483,CUST-000066,2022-12-31,Energy Purchase,7182.44
TXN-000484,CUST-000045,2023-05-14,Government Subsidy,5085.87
TXN-000485,CUST-000003,2020-01-02,Energy Purchase,5690.73
TXN-000486,CUST-000008,2020-02-15,Government Subsidy,4385.06
TXN-000487,CUST-000046,2023-05-23,Government Subsidy,9187.45
TXN-000488,CUST-000032,2023-10-15,Energy Purchase,6534.93
TXN-000489,CUST-000054,2021-11-09,Fine,6491.52
TXN-000490,CUST-000085,2020-05-14,Maintenance Fee,7933.72
TXN-000491,CUST-000070,2022-03-05,Maintenance Fee,6492.65
TXN-000492,CUST-000027,2021-12-05,Government Subsidy,7772.12
TXN-000493,CUST-000063,2022-02-04,Fine,1392.95
TXN-000494,CUST-000002,2024-11-29,Government Subsidy,8014.33
TXN-000495,CUST-000054,2021-06-23,Maintenance Fee,6194.06
TXN-000496,CUST-000001,2020-05-10,Maintenance Fee,6582.34
TXN-000497,CUST-000047,2021-11-03,Government Subsidy,3224.47
TXN-000498,CUST-000096,2020-09-05,Fine,8227.13
TXN-000499,CUST-000030,2023-10-14,Maintenance Fee,1982.91
TXN-000500,CUST-000064,2020-07-29,Maintenance Fee,4805.74
TXN-000501,CUST-000038,2022-06-30,Fine,8486.51
TXN-000502,CUST-000062,2022-07-09,Government Subsidy,6856.73
TXN-000503,CUST-000075,2020-06-03,Maintenance Fee,4818.54
TXN-000504,CUST-000053,2021-06-04,Government Subsidy,5030.41
TXN-000505,CUST-000092,2021-03-04,Government Subsidy,5435.82
TXN-000506,CUST-000087,2021-08-06,Government Subsidy,1431.0
TXN-000507,CUST-000027,2021-08-13,Government Subsidy,6572.7
TXN-000508,CUST-000028,2021-05-31,Government Subsidy,5896.23
TXN-000509,CUST-000009,2023-10-07,Government Subsidy,8137.67
TXN-000510,CUST-000091,2020-06-17,Maintenance Fee,4056.01
TXN-000511,CUST-000018,2022-04-10,Energy Purchase,5182.71
TXN-000512,CUST-000013,2023-12-09,Government Subsidy,2380.02
TXN-000513,CUST-000011,2020-09-28,Fine,2899.6
TXN-000514,CUST-000021,2021-11-01,Energy Purchase,1418.15
TXN-000515,CUST-000017,2022-10-04,Fine,5461.25
TXN-000516,CUST-000011,2023-05-14,Energy Purchase,2676.56
TXN-000517,CUST-000007,2020-05-02,Fine,9636.6
TXN-000518,CUST-000018,2023-05-20,Maintenance Fee,6010.59
TXN-000519,CUST-000014,2020-04-12,Fine,1703.43
TXN-000520,CUST-000057,2020-07-05,Fine,9979.38
TXN-000521,CUST-000036,2021-07-19,Maintenance Fee,5603.06
TXN-000522,CUST-000074,2020-06-30,Energy Purchase,5476.23
TXN-000523,CUST-000095,2023-11-17,Fine,5677.39
TXN-000524,CUST-000055,2021-02-14,Energy Purchase,1888.85
TXN-000525,CUST-000080,2024-12-25,Energy Purchase,6222.94
TXN-000526,CUST-000095,2023-05-06,Government Subsidy,4588.98
TXN-000527,CUST-000057,2022-01-06,Energy Purchase,138.48
TXN-000528,CUST-000049,2024-02-29,Government Subsidy,1623.36
TXN-000529,CUST-000088,2024-01-21,Maintenance Fee,4168.45
TXN-000530,CUST-000054,2023-06-08,Energy Purchase,99.78
TXN-000531,CUST-000010,2022-12-16,Energy Purchase,6197.69
TXN-000532,CUST-000099,2021-02-14,Maintenance Fee,6352.35
TXN-000533,CUST-000039,2023-10-30,Fine,335.74
TXN-000534,CUST-000012,2024-02-08,Fine,3826.44
TXN-000535,CUST-000019,2021-02-21,Fine,4204.39
TXN-000536,CUST-000043,2023-08-15,Fine,5883.86
TXN-000537,CUST-000092,2024-08-02,Energy Purchase,2845.82
TXN-000538,CUST-000041,2020-02-04,Fine,5181.51
TXN-000539,CUST-000070,2022-10-30,Government Subsidy,4071.83
TXN-000540,CUST-000081,2022-01-02,Energy Purchase,6505.47
TXN-000541,CUST-000017,2021-10-12,Government Subsidy,8433.23
TXN-000542,CUST-000073,2020-01-16,Government Subsidy,3814.1
TXN-000543,CUST-000019,2023-09-22,Government Subsidy,1777.02
TXN-000544,CUST-000068,2022-03-20,Maintenance Fee,1065.7
TXN-000545,CUST-000095,2021-07-26,Energy Purchase,529.37
TXN-000546,CUST-000014,2021-07-07,Fine,7228.86
TXN-000547,CUST-000028,2022-07-08,Government Subsidy,8415.55
TXN-000548,CUST-000059,2020-01-08,Maintenance Fee,7479.64
TXN-000549,CUST-000098,2022-06-17,Energy Purchase,3271.56
TXN-000550,CUST-000047,2020-12-04,Energy Purchase,8554.21
TXN-000551,CUST-000017,2021-07-31,Maintenance Fee,1260.46
TXN-000552,CUST-000057,2021-07-06,Government Subsidy,1821.03
TXN-000553,CUST-000040,2021-08-23,Fine,5503.08
TXN-000554,CUST-000038,2023-01-16,Maintenance Fee,8181.43
TXN-000555,CUST-000037,2022-10-20,Government Subsidy,1122.96
TXN-000556,CUST-000024,2022-05-01,Fine,6144.69
TXN-000557,CUST-000083,2024-10-18,Maintenance Fee,6170.38
TXN-000558,CUST-000028,2023-11-23,Maintenance Fee,488.24
TXN-000559,CUST-000022,2022-09-30,Fine,807.59
TXN-000560,CUST-000085,2021-01-19,Maintenance Fee,1093.58
TXN-000561,CUST-000087,2022-07-17,Energy Purchase,1832.27
TXN-000562,CUST-000028,2020-12-11,Energy Purchase,3858.34
TXN-000563,CUST-000050,2023-07-12,Energy Purchase,1448.94
TXN-000564,CUST-000076,2020-03-31,Maintenance Fee,7717.23
TXN-000565,CUST-000065,2024-12-06,Government Subsidy,4263.99
TXN-000566,CUST-000042,2020-01-22,Maintenance Fee,1568.28
TXN-000567,CUST-000066,2021-02-23,Maintenance Fee,7895.02
TXN-000568,CUST-000087,2020-11-13,Government Subsidy,5586.78
TXN-000569,CUST-000025,2024-08-11,Maintenance Fee,3198.17
TXN-000570,CUST-000027,2024-07-30,Maintenance Fee,3299.59
TXN-000571,CUST-000037,2021-02-07,Government Subsidy,8128.49
TXN-000572,CUST-000022,2024-11-29,Energy Purchase,3894.55
TXN-000573,CUST-000013,2022-10-24,Maintenance Fee,2452.2
TXN-000574,CUST-000096,2023-09-14,Maintenance Fee,4513.24
TXN-000575,CUST-000011,2024-09-15,Government Subsidy,3194.27
TXN-000576,CUST-000083,2020-07-31,Energy Purchase,4992.65
TXN-000577,CUST-000061,2020-03-19,Energy Purchase,3367.66
TXN-000578,CUST-000018,2024-03-08,Government Subsidy,9933.38
TXN-000579,CUST-000091,2023-07-27,Government Subsidy,3069.02
TXN-000580,CUST-000070,2021-04-07,Maintenance Fee,7026.51
TXN-000581,CUST-000068,2024-01-06,Maintenance Fee,3433.45
TXN-000582,CUST-000070,2021-01-05,Fine,7897.27
TXN-000583,CUST-000023,2020-09-28,Maintenance Fee,5107.85
TXN-000584,CUST-000033,2023-06-05,Maintenance Fee,3531.54
TXN-000585,CUST-000039,2023-01-21,Government Subsidy,347.03
TXN-000586,CUST-000013,2020-06-15,Government Subsidy,1699.14
TXN-000587,CUST-000081,2023-08-08,Maintenance Fee,7665.02
TXN-000588,CUST-000091,2023-03-29,Government Subsidy,8748.97
TXN-000589,CUST-000024,2020-02-29,Energy Purchase,4260.07
TXN-000590,CUST-000033,2024-06-07,Maintenance Fee,9717.2
TXN-000591,CUST-000027,2022-07-15,Maintenance Fee,5475.11
TXN-000592,CUST-000061,2020-12-09,Maintenance Fee,4073.52
TXN-000593,CUST-000060,2021-08-11,Maintenance Fee,8036.83
TXN-000594,CUST-000084,2024-08-04,Fine,3497.21
TXN-000595,CUST-000080,2023-12-22,Energy Purchase,2562.32
TXN-000596,CUST-000027,2022-03-02,Government Subsidy,7575.38
TXN-000597,CUST-000013,2023-10-30,Maintenance Fee,3380.73
TXN-000598,CUST-000038,2023-09-13,Government Subsidy,9942.02
TXN-000599,CUST-000006,2020-11-23,Maintenance Fee,6182.4
TXN-000600,CUST-000095,2022-01-01,Maintenance Fee,6819.65
TXN-000601,CUST-000025,2024-05-19,Government Subsidy,2400.63
TXN-000602,CUST-000001,2022-09-01,Energy Purchase,1496.14
TXN-000603,CUST-000077,2023-12-07,Energy Purchase,3796.61
TXN-000604,CUST-000018,2024-06-09,Maintenance Fee,5748.63
TXN-000605,CUST-000068,2022-10-22,Fine,1656.14
TXN-000606,CUST-000004,2022-01-17,Fine,762.75
TXN-000607,CUST-000089,2022-09-28,Maintenance Fee,3661.79
TXN-000608,CUST-000032,2023-02-15,Government Subsidy,1133.7
TXN-000609,CUST-000005,2021-06-16,Energy Purchase,4955.58
TXN-000610,CUST-000012,2020-03-02,Government Subsidy,7505.86
TXN-000611,CUST-000083,2024-11-25,Maintenance Fee,6111.76
TXN-000612,CUST-000006,2021-12-16,Maintenance Fee,2538.5
TXN-000613,CUST-000061,2024-10-19,Fine,2307.32
TXN-000614,CUST-000058,2022-12-19,Maintenance Fee,3584.19
TXN-000615,CUST-000066,2021-11-30,Fine,1121.42
TXN-000616,CUST-000021,2021-02-17,Maintenance Fee,7546.17
TXN-000617,CUST-000086,2021-06-08,Fine,8988.46
TXN-000618,CUST-000071,2022-03-16,Energy Purchase,5059.86
TXN-000619,CUST-000034,2021-08-22,Maintenance Fee,8817.02
TXN-000620,CUST-000058,2021-09-10,Maintenance Fee,8982.74
TXN-000621,CUST-000055,2024-06-04,Fine,7110.44
TXN-000622,CUST-000064,2024-02-06,Energy Purchase,4424.59
TXN-000623,CUST-000083,2020-10-30,Fine,1724.97
TXN-000624,CUST-000013,2022-05-27,Government Subsidy,2597.93
TXN-000625,CUST-000059,2021-06-12,Energy Purchase,6920.28
TXN-000626,CUST-000079,2020-01-02,Government Subsidy,1498.65
TXN-000627,CUST-000003,2024-09-21,Government Subsidy,8805.15
TXN-000628,CUST-000059,2023-10-18,Maintenance Fee,1134.53
TXN-000629,CUST-000083,2024-05-06,Energy Purchase,6031.61
TXN-000630,CUST-000084,2022-08-14,Fine,9065.62
TXN-000631,CUST-000072,2020-08-16,Maintenance Fee,5491.12
TXN-000632,CUST-000095,2020-02-16,Energy Purchase,6592.24
TXN-000633,CUST-000057,2023-02-09,Maintenance Fee,8695.9
TXN-000634,CUST-000066,2020-12-15,Fine,6731.66
TXN-000635,CUST-000034,2024-10-13,Government Subsidy,2924.32
TXN-000636,CUST-000074,2024-07-12,Energy Purchase,5448.26
TXN-000637,CUST-000059,2020-09-17,Energy Purchase,7696.32
TXN-000638,CUST-000041,2023-06-02,Fine,3077.96
TXN-000639,CUST-000087,2023-08-26,Government Subsidy,3550.65
TXN-000640,CUST-000048,2021-09-07,Government Subsidy,329.48
TXN-000641,CUST-000051,2024-02-07,Energy Purchase,5054.68
TXN-000642,CUST-000071,2020-10-29,Fine,7687.38
TXN-000643,CUST-000021,2021-07-21,Fine,6856.56
TXN-000644,CUST-000065,2020-11-12,Government Subsidy,9796.54
TXN-000645,CUST-000037,2022-05-29,Energy Purchase,9551.35
TXN-000646,CUST-000042,2024-07-03,Maintenance Fee,1924.96
TXN-000647,CUST-000039,2023-01-30,Government Subsidy,9237.49
TXN-000648,CUST-000068,2020-09-17,Fine,9290.11
TXN-000649,CUST-000086,2021-07-22,Energy Purchase,5950.29
TXN-000650,CUST-000030,2021-09-20,Government Subsidy,9862.07
TXN-000651,CUST-000025,2022-03-22,Energy Purchase,7041.83
TXN-000652,CUST-000083,2020-05-05,Government Subsidy,3577.41
TXN-000653,CUST-000041,2021-04-14,Energy Purchase,6138.36
TXN-000654,CUST-000085,2022-09-16,Energy Purchase,1095.06
TXN-000655,CUST-000064,2021-05-17,Maintenance Fee,6664.4
TXN-000656,CUST-000083,2022-06-06,Maintenance Fee,7702.28
TXN-000657,CUST-000040,2023-04-25,Government Subsidy,143.38
TXN-000658,CUST-000066,2022-07-03,Maintenance Fee,8922.32
TXN-000659,CUST-000072,2021-04-11,Energy Purchase,4453.88
TXN-000660,CUST-000038,2024-09-24,Energy Purchase,4661.34
TXN-000661,CUST-000093,2020-03-16,Energy Purchase,5653.27
TXN-000662,CUST-000072,2021-08-29,Fine,7424.78
TXN-000663,CUST-000045,2020-08-03,Fine,7782.25
TXN-000664,CUST-000032,2020-08-19,Energy Purchase,7464.28
TXN-000665,CUST-000050,2022-09-23,Maintenance Fee,3224.45
TXN-000666,CUST-000055,2020-09-03,Government Subsidy,7626.29
TXN-000667,CUST-000076,2024-04-29,Government Subsidy,449.68
TXN-000668,CUST-000042,2023-12-27,Maintenance Fee,6676.61
TXN-000669,CUST-000002,2021-02-16,Energy Purchase,158.12
TXN-000670,CUST-000016,2021-06-25,Fine,186.87
TXN-000671,CUST-000045,2020-02-23,Energy Purchase,398.4
TXN-000672,CUST-000003,2020-10-15,Government Subsidy,3228.29
TXN-000673,CUST-000005,2021-05-10,Government Subsidy,604.18
TXN-000674,CUST-000041,2024-02-21,Maintenance Fee,810.54
TXN-000675,CUST-000036,2023-08-10,Government Subsidy,7261.87
TXN-000676,CUST-000031,2024-09-06,Government Subsidy,7595.86
TXN-000677,CUST-000002,2021-11-10,Fine,6940.42
TXN-000678,CUST-000056,2024-08-02,Maintenance Fee,6292.26
TXN-000679,CUST-000032,2024-08-31,Energy Purchase,3409.75
TXN-000680,CUST-000059,2021-09-10,Energy Purchase,1747.08
TXN-000681,CUST-000028,2023-07-03,Fine,150.77
TXN-000682,CUST-000059,2024-10-04,Maintenance Fee,9933.49
TXN-000683,CUST-000032,2021-12-30,Energy Purchase,9950.32
TXN-000684,CUST-000041,2024-08-03,Fine,4913.67
TXN-000685,CUST-000092,2021-02-04,Government Subsidy,5932.14
TXN-000686,CUST-000001,2020-07-30,Fine,3442.17
TXN-000687,CUST-000059,2023-11-20,Government Subsidy,2520.41
TXN-000688,CUST-000050,2022-01-24,Energy Purchase,5339.97
TXN-000689,CUST-000003,2020-08-09,Government Subsidy,9074.52
TXN-000690,CUST-000002,2021-09-30,Fine,745.97
TXN-000691,CUST-000002,2022-03-20,Fine,2215.48
TXN-000692,CUST-000031,2020-10-30,Maintenance Fee,5425.49
TXN-000693,CUST-000025,2024-08-22,Energy Purchase,4599.05
TXN-000694,CUST-000016,2020-08-31,Fine,2408.29
TXN-000695,CUST-000078,2021-03-28,Maintenance Fee,4298.6
TXN-000696,CUST-000063,2020-11-06,Maintenance Fee,2680.58
TXN-000697,CUST-000048,2020-12-27,Government Subsidy,5878.5
TXN-000698,CUST-000008,2021-01-25,Government Subsidy,9045.12
TXN-000699,CUST-000042,2020-08-16,Maintenance Fee,2219.17
TXN-000700,CUST-000034,2023-02-02,Fine,2900.26
TXN-000701,CUST-000029,2021-03-21,Government Subsidy,6903.97
TXN-000702,CUST-000009,2023-09-15,Fine,2454.09
TXN-000703,CUST-000045,2024-02-06,Fine,5260.05
TXN-000704,CUST-000003,2024-09-10,Government Subsidy,7936.04
TXN-000705,CUST-000037,2024-04-20,Maintenance Fee,6100.02
TXN-000706,CUST-000065,2023-11-16,Maintenance Fee,2641.74
TXN-000707,CUST-000067,2020-03-02,Energy Purchase,3480.57
TXN-000708,CUST-000045,2024-06-05,Energy Purchase,4406.68
TXN-000709,CUST-000041,2023-11-11,Fine,2411.05
TXN-000710,CUST-000037,2020-01-14,Government Subsidy,1385.59
TXN-000711,CUST-000092,2024-06-07,Energy Purchase,4508.76
TXN-000712,CUST-000018,2021-01-19,Government Subsidy,2723.88
TXN-000713,CUST-000035,2022-07-31,Fine,130.79
TXN-000714,CUST-000003,2022-09-11,Maintenance Fee,2756.57
TXN-000715,CUST-000029,2023-08-20,Fine,582.0
TXN-000716,CUST-000011,2024-06-25,Fine,3010.93
TXN-000717,CUST-000009,2023-02-06,Energy Purchase,9529.89
TXN-000718,CUST-000049,2024-10-25,Government Subsidy,5599.38
TXN-000719,CUST-000061,2024-10-29,Fine,9769.45
TXN-000720,CUST-000059,2024-02-13,Energy Purchase,3867.08
TXN-000721,CUST-000015,2023-09-01,Energy Purchase,1527.74
TXN-000722,CUST-000046,2023-01-05,Energy Purchase,1856.98
TXN-000723,CUST-000023,2022-03-01,Fine,3712.53
TXN-000724,CUST-000082,2020-01-12,Fine,1715.81
TXN-000725,CUST-000091,2022-01-09,Government Subsidy,1309.83
TXN-000726,CUST-000058,2022-05-27,Energy Purchase,2293.33
TXN-000727,CUST-000031,2020-10-22,Energy Purchase,779.27
TXN-000728,CUST-000039,2023-05-24,Government Subsidy,9938.36
TXN-000729,CUST-000093,2024-11-15,Government Subsidy,8164.2
TXN-000730,CUST-000042,2022-07-30,Energy Purchase,6397.25
TXN-000731,CUST-000006,2024-01-07,Maintenance Fee,2872.63
TXN-000732,CUST-000037,2024-03-29,Fine,7757.97
TXN-000733,CUST-000022,2024-03-26,Maintenance Fee,3539.75
TXN-000734,CUST-000006,2024-12-06,Maintenance Fee,6783.98
TXN-000735,CUST-000035,2022-05-07,Government Subsidy,1399.3
TXN-000736,CUST-000067,2024-02-19,Energy Purchase,8230.78
TXN-000737,CUST-000099,2022-07-04,Maintenance Fee,2075.56
TXN-000738,CUST-000027,2022-04-27,Energy Purchase,444.56
TXN-000739,CUST-000056,2023-02-11,Government Subsidy,1576.52
TXN-000740,CUST-000053,2020-05-08,Maintenance Fee,5768.01
TXN-000741,CUST-000012,2021-03-14,Maintenance Fee,1129.17
TXN-000742,CUST-000053,2024-06-18,Maintenance Fee,8582.32
TXN-000743,CUST-000071,2024-06-17,Government Subsidy,4905.41
TXN-000744,CUST-000038,2024-08-11,Maintenance Fee,4962.17
TXN-000745,CUST-000068,2020-06-14,Maintenance Fee,8747.93
TXN-000746,CUST-000032,2020-11-11,Government Subsidy,8836.27
TXN-000747,CUST-000012,2020-02-06,Government Subsidy,1965.94
TXN-000748,CUST-000084,2022-03-11,Fine,578.46
TXN-000749,CUST-000071,2023-10-29,Government Subsidy,2216.73
TXN-000750,CUST-000036,2021-01-16,Energy Purchase,1500.44
TXN-000751,CUST-000063,2024-10-20,Fine,2952.8
TXN-000752,CUST-000003,2020-11-11,Energy Purchase,2148.95
TXN-000753,CUST-000078,2024-03-17,Government Subsidy,8886.93
TXN-000754,CUST-000046,2023-08-13,Energy Purchase,9169.7
TXN-000755,CUST-000011,2024-04-28,Energy Purchase,7224.98
TXN-000756,CUST-000058,2020-04-01,Energy Purchase,9261.97
TXN-000757,CUST-000058,2020-08-24,Government Subsidy,3212.4
TXN-000758,CUST-000075,2020-03-12,Government Subsidy,7163.31
TXN-000759,CUST-000043,2022-03-11,Energy Purchase,9051.07
TXN-000760,CUST-000014,2024-02-29,Government Subsidy,4178.86
TXN-000761,CUST-000037,2022-01-20,Energy Purchase,5172.94
TXN-000762,CUST-000050,2024-05-05,Fine,8281.2
TXN-000763,CUST-000029,2024-11-18,Maintenance Fee,7828.63
TXN-000764,CUST-000058,2022-04-14,Government Subsidy,3650.93
TXN-000765,CUST-000008,2024-10-19,Maintenance Fee,7781.09
TXN-000766,CUST-000063,2020-06-15,Maintenance Fee,7488.73
TXN-000767,CUST-000036,2023-12-31,Fine,4074.32
TXN-000768,CUST-000070,2023-09-03,Fine,6108.77
TXN-000769,CUST-000007,2024-10-10,Government Subsidy,6540.6
TXN-000770,CUST-000096,2020-02-16,Maintenance Fee,6761.8
TXN-000771,CUST-000065,2022-01-16,Maintenance Fee,6426.57
TXN-000772,CUST-000024,2024-04-06,Government Subsidy,7367.49
TXN-000773,CUST-000086,2023-12-27,Government Subsidy,1124.22
TXN-000774,CUST-000092,2020-07-01,Maintenance Fee,6220.5
TXN-000775,CUST-000067,2022-01-31,Maintenance Fee,4146.25
TXN-000776,CUST-000054,2020-05-13,Government Subsidy,8343.73
TXN-000777,CUST-000094,2022-07-19,Fine,4299.64
TXN-000778,CUST-000087,2022-12-16,Government Subsidy,9378.19
TXN-000779,CUST-000055,2023-01-27,Maintenance Fee,3124.83
TXN-000780,CUST-000090,2024-12-28,Government Subsidy,7753.06
TXN-000781,CUST-000062,2021-08-18,Fine,4741.7
TXN-000782,CUST-000058,2023-04-09,Energy Purchase,9205.32
TXN-000783,CUST-000029,2020-04-11,Energy Purchase,6298.88
TXN-000784,CUST-000013,2020-04-16,Government Subsidy,4418.93
TXN-000785,CUST-000055,2024-12-24,Energy Purchase,4800.49
TXN-000786,CUST-000010,2020-01-13,Government Subsidy,8811.75
TXN-000787,CUST-000029,2023-05-27,Maintenance Fee,1216.46
TXN-000788,CUST-000056,2024-04-13,Maintenance Fee,200.7
TXN-000789,CUST-000040,2023-12-26,Government Subsidy,1070.13
TXN-000790,CUST-000085,2024-09-22,Fine,8669.43
TXN-000791,CUST-000079,2021-02-04,Fine,7896.66
TXN-000792,CUST-000020,2020-10-27,Maintenance Fee,7531.29
TXN-000793,CUST-000013,2023-01-05,Fine,8285.26
TXN-000794,CUST-000083,2023-06-25,Fine,3495.85
TXN-000795,CUST-000031,2023-02-07,Maintenance Fee,3334.67
TXN-000796,CUST-000064,2021-10-07,Energy Purchase,3062.56
TXN-000797,CUST-000077,2021-06-23,Energy Purchase,892.19
TXN-000798,CUST-000009,2024-06-16,Energy Purchase,7636.79
TXN-000799,CUST-000022,2021-05-29,Maintenance Fee,6415.3
TXN-000800,CUST-000003,2020-01-06,Maintenance Fee,7490.66
TXN-000801,CUST-000095,2024-03-30,Maintenance Fee,275.79
TXN-000802,CUST-000008,2023-10-10,Fine,6473.99
TXN-000803,CUST-000094,2020-11-19,Energy Purchase,5416.29
TXN-000804,CUST-000070,2021-11-23,Fine,62.04
TXN-000805,CUST-000088,2021-11-12,Fine,2867.63
TXN-000806,CUST-000050,2020-10-26,Government Subsidy,2190.04
TXN-000807,CUST-000038,2020-01-29,Fine,153.09
TXN-000808,CUST-000052,2021-01-09,Maintenance Fee,9361.48
TXN-000809,CUST-000021,2021-12-24,Fine,7638.32
TXN-000810,CUST-000084,2023-07-30,Energy Purchase,8401.71
TXN-000811,CUST-000097,2024-09-21,Maintenance Fee,1764.44
TXN-000812,CUST-000072,2022-01-27,Fine,2001.66
TXN-000813,CUST-000079,2023-05-02,Fine,4815.06
TXN-000814,CUST-000087,2024-09-12,Government Subsidy,1244.55
TXN-000815,CUST-000097,2022-11-01,Energy Purchase,1452.16
TXN-000816,CUST-000007,2022-08-30,Government Subsidy,3291.87
TXN-000817,CUST-000009,2024-03-28,Government Subsidy,407.24
TXN-000818,CUST-000056,2024-11-29,Energy Purchase,817.97
TXN-000819,CUST-000096,2021-07-10,Energy Purchase,8757.18
TXN-000820,CUST-000022,2023-12-02,Maintenance Fee,8527.75
TXN-000821,CUST-000088,2022-10-13,Government Subsidy,1732.88
TXN-000822,CUST-000022,2024-09-03,Energy Purchase,3407.14
TXN-000823,CUST-000024,2022-11-30,Government Subsidy,3803.81
TXN-000824,CUST-000026,2024-10-18,Government Subsidy,8051.73
TXN-000825,CUST-000024,2021-11-12,Government Subsidy,6591.56
TXN-000826,CUST-000022,2024-05-15,Fine,8504.17
TXN-000827,CUST-000043,2021-02-08,Energy Purchase,3767.4
TXN-000828,CUST-000074,2024-04-14,Fine,1873.14
TXN-000829,CUST-000016,2021-11-12,Government Subsidy,3614.77
TXN-000830,CUST-000013,2023-08-18,Fine,7130.02
TXN-000831,CUST-000008,2024-04-23,Government Subsidy,7378.39
TXN-000832,CUST-000084,2022-05-21,Government Subsidy,2381.36
TXN-000833,CUST-000078,2020-07-30,Energy Purchase,7136.81
TXN-000834,CUST-000022,2024-07-23,Maintenance Fee,9864.66
TXN-000835,CUST-000070,2020-08-31,Fine,2845.25
TXN-000836,CUST-000076,2020-10-19,Maintenance Fee,69.0
TXN-000837,CUST-000054,2020-06-15,Maintenance Fee,7732.84
TXN-000838,CUST-000021,2021-04-24,Maintenance Fee,1440.57
TXN-000839,CUST-000009,2023-02-21,Energy Purchase,2078.37
TXN-000840,CUST-000002,2023-02-18,Government Subsidy,6523.38
TXN-000841,CUST-000072,2024-07-19,Fine,7262.03
TXN-000842,CUST-000073,2024-10-11,Government Subsidy,3580.25
TXN-000843,CUST-000066,2022-05-14,Fine,7014.07
TXN-000844,CUST-000083,2024-05-18,Maintenance Fee,2354.11
TXN-000845,CUST-000090,2021-11-30,Energy Purchase,5919.88
TXN-000846,CUST-000024,2024-01-30,Fine,1807.47
TXN-000847,CUST-000008,2021-11-08,Government Subsidy,3149.96
TXN-000848,CUST-000022,2024-11-09,Fine,5627.17
TXN-000849,CUST-000021,2024-03-20,Maintenance Fee,5056.07
TXN-000850,CUST-000022,2021-05-21,Fine,7483.06
TXN-000851,CUST-000049,2022-10-07,Maintenance Fee,6532.9
TXN-000852,CUST-000096,2022-10-06,Fine,4341.24
TXN-000853,CUST-000062,2021-01-22,Maintenance Fee,5164.47
TXN-000854,CUST-000063,2020-10-06,Fine,3293.8
TXN-000855,CUST-000021,2022-10-01,Fine,1909.1
TXN-000856,CUST-000035,2023-04-21,Fine,872.02
TXN-000857,CUST-000007,2022-10-31,Maintenance Fee,423.54
TXN-000858,CUST-000071,2021-09-11,Government Subsidy,2653.05
TXN-000859,CUST-000047,2020-03-21,Government Subsidy,8007.2
TXN-000860,CUST-000032,2024-01-12,Energy Purchase,1490.81
TXN-000861,CUST-000064,2024-02-09,Government Subsidy,5464.26
TXN-000862,CUST-000021,2023-11-05,Energy Purchase,6056.71
TXN-000863,CUST-000071,2023-02-10,Fine,2534.09
TXN-000864,CUST-000086,2021-12-24,Government Subsidy,2224.61
TXN-000865,CUST-000014,2024-08-14,Government Subsidy,2279.14
TXN-000866,CUST-000044,2024-05-30,Maintenance Fee,2524.49
TXN-000867,CUST-000025,2022-08-01,Energy Purchase,4343.73
TXN-000868,CUST-000035,2024-09-07,Fine,7888.21
TXN-000869,CUST-000069,2021-12-18,Energy Purchase,9933.15
TXN-000870,CUST-000027,2022-08-26,Maintenance Fee,1756.0
TXN-000871,CUST-000069,2022-04-12,Maintenance Fee,4915.4
TXN-000872,CUST-000061,2021-07-18,Fine,6805.37
TXN-000873,CUST-000095,2024-02-16,Maintenance Fee,7386.28
TXN-000874,CUST-000075,2021-10-08,Fine,9269.51
TXN-000875,CUST-000050,2024-08-19,Government Subsidy,1608.8
TXN-000876,CUST-000085,2020-01-08,Fine,9871.66
TXN-000877,CUST-000050,2024-02-27,Energy Purchase,8989.69
TXN-000878,CUST-000070,2024-12-08,Maintenance Fee,1556.38
TXN-000879,CUST-000026,2021-12-27,Government Subsidy,7790.28
TXN-000880,CUST-000080,2024-01-10,Energy Purchase,1582.55
TXN-000881,CUST-000095,2024-04-02,Fine,9713.69
TXN-000882,CUST-000069,2024-06-21,Government Subsidy,9002.24
TXN-000883,CUST-000085,2023-12-19,Fine,613.71
TXN-000884,CUST-000071,2021-06-25,Maintenance Fee,4321.18
TXN-000885,CUST-000008,2022-01-03,Government Subsidy,6446.41
TXN-000886,CUST-000043,2020-06-03,Energy Purchase,6080.87
TXN-000887,CUST-000099,2023-03-29,Maintenance Fee,9151.85
TXN-000888,CUST-000019,2023-05-05,Energy Purchase,6694.57
TXN-000889,CUST-000045,2020-05-18,Government Subsidy,3490.39
TXN-000890,CUST-000049,2020-05-07,Fine,244.61
TXN-000891,CUST-000086,2021-06-14,Maintenance Fee,2206.99
TXN-000892,CUST-000096,2022-05-31,Energy Purchase,7360.14
TXN-000893,CUST-000005,2020-10-05,Government Subsidy,3895.58
TXN-000894,CUST-000080,2024-08-21,Maintenance Fee,464.93
TXN-000895,CUST-000050,2024-08-11,Government Subsidy,3639.93
TXN-000896,CUST-000018,2023-03-04,Government Subsidy,1420.63
TXN-000897,CUST-000069,2020-09-08,Government Subsidy,1225.85
TXN-000898,CUST-000012,2023-09-06,Maintenance Fee,1803.11
TXN-000899,CUST-000085,2024-04-18,Fine,3415.28
TXN-000900,CUST-000089,2020-01-12,Maintenance Fee,9838.11
TXN-000901,CUST-000019,2024-05-20,Energy Purchase,2751.12
TXN-000902,CUST-000028,2023-10-10,Energy Purchase,7101.27
TXN-000903,CUST-000096,2024-07-01,Maintenance Fee,7459.67
TXN-000904,CUST-000025,2024-06-15,Energy Purchase,764.8
TXN-000905,CUST-000099,2023-10-14,Maintenance Fee,5711.74
TXN-000906,CUST-000017,2024-05-04,Government Subsidy,1525.93
TXN-000907,CUST-000068,2022-07-05,Energy Purchase,1304.09
TXN-000908,CUST-000015,2022-10-21,Energy Purchase,9941.7
TXN-000909,CUST-000051,2022-07-31,Government Subsidy,8998.29
TXN-000910,CUST-000037,2023-09-15,Energy Purchase,9473.05
TXN-000911,CUST-000047,2021-01-04,Maintenance Fee,8364.2
TXN-000912,CUST-000019,2022-07-10,Fine,5556.65
TXN-000913,CUST-000004,2021-07-24,Energy Purchase,2661.93
TXN-000914,CUST-000084,2020-11-08,Government Subsidy,64.53
TXN-000915,CUST-000037,2020-03-06,Fine,6552.65
TXN-000916,CUST-000004,2022-02-28,Maintenance Fee,159.56
TXN-000917,CUST-000053,2024-04-03,Government Subsidy,2143.75
TXN-000918,CUST-000046,2020-12-07,Maintenance Fee,699.08
TXN-000919,CUST-000072,2020-10-16,Energy Purchase,9815.33
TXN-000920,CUST-000023,2022-09-15,Fine,6428.58
TXN-000921,CUST-000056,2023-11-12,Energy Purchase,3238.07
TXN-000922,CUST-000040,2023-05-21,Energy Purchase,2915.94
TXN-000923,CUST-000045,2020-03-20,Government Subsidy,3586.6
TXN-000924,CUST-000021,2024-04-14,Government Subsidy,8077.73
TXN-000925,CUST-000047,2023-10-23,Fine,3807.28
TXN-000926,CUST-000039,2023-02-05,Maintenance Fee,7349.62
TXN-000927,CUST-000095,2024-12-17,Maintenance Fee,5041.32
TXN-000928,CUST-000047,2021-03-08,Government Subsidy,8762.57
TXN-000929,CUST-000024,2021-01-26,Government Subsidy,8179.6
TXN-000930,CUST-000004,2023-05-24,Government Subsidy,4367.83
TXN-000931,CUST-000013,2022-12-30,Fine,5467.68
TXN-000932,CUST-000082,2022-07-15,Energy Purchase,8421.56
TXN-000933,CUST-000022,2022-08-19,Energy Purchase,2668.49
TXN-000934,CUST-000015,2024-07-29,Maintenance Fee,3917.87
TXN-000935,CUST-000043,2020-12-23,Fine,4190.54
TXN-000936,CUST-000011,2023-03-11,Fine,5295.93
TXN-000937,CUST-000084,2020-02-13,Energy Purchase,5113.45
TXN-000938,CUST-000092,2023-11-19,Energy Purchase,676.49
TXN-000939,CUST-000010,2023-10-14,Maintenance Fee,2051.06
TXN-000940,CUST-000053,2022-03-05,Government Subsidy,8377.42
TXN-000941,CUST-000001,2023-07-12,Maintenance Fee,1417.81
TXN-000942,CUST-000052,2020-01-28,Maintenance Fee,9755.02
TXN-000943,CUST-000020,2020-11-26,Maintenance Fee,9300.69
TXN-000944,CUST-000079,2020-02-16,Fine,9374.06
TXN-000945,CUST-000099,2020-10-11,Energy Purchase,1186.06
TXN-000946,CUST-000003,2021-06-14,Government Subsidy,3489.11
TXN-000947,CUST-000074,2022-10-20,Fine,1775.2
TXN-000948,CUST-000070,2022-10-17,Government Subsidy,928.55
TXN-000949,CUST-000029,2023-08-21,Fine,243.12
TXN-000950,CUST-000032,2022-09-20,Government Subsidy,6248.29
TXN-000951,CUST-000036,2021-12-15,Fine,5842.64
TXN-000952,CUST-000038,2022-09-12,Energy Purchase,1824.64
TXN-000953,CUST-000052,2023-08-12,Fine,1002.21
TXN-000954,CUST-000060,2020-06-15,Maintenance Fee,5306.6
TXN-000955,CUST-000025,2024-04-24,Maintenance Fee,7974.12
TXN-000956,CUST-000011,2021-05-31,Government Subsidy,4145.37
TXN-000957,CUST-000096,2021-02-04,Energy Purchase,1763.05
TXN-000958,CUST-000037,2024-12-05,Fine,4905.23
TXN-000959,CUST-000047,2023-07-01,Maintenance Fee,4354.13
TXN-000960,CUST-000022,2024-02-26,Maintenance Fee,1811.37
TXN-000961,CUST-000016,2021-06-18,Energy Purchase,139.27
TXN-000962,CUST-000038,2024-08-09,Energy Purchase,2450.43
TXN-000963,CUST-000086,2023-04-25,Government Subsidy,4285.15
TXN-000964,CUST-000052,2022-07-07,Maintenance Fee,2053.07
TXN-000965,CUST-000064,2023-02-15,Government Subsidy,3532.83
TXN-000966,CUST-000091,2020-01-15,Government Subsidy,70.79
TXN-000967,CUST-000008,2023-06-30,Energy Purchase,5082.78
TXN-000968,CUST-000009,2024-01-09,Energy Purchase,1601.09
TXN-000969,CUST-000078,2021-08-18,Fine,9419.94
TXN-000970,CUST-000060,2024-07-12,Energy Purchase,1462.93
TXN-000971,CUST-000028,2023-03-09,Energy Purchase,1129.19
TXN-000972,CUST-000074,2023-01-10,Fine,5856.66
TXN-000973,CUST-000076,2021-03-21,Maintenance Fee,8734.95
TXN-000974,CUST-000071,2022-06-11,Energy Purchase,71.05
TXN-000975,CUST-000057,2022-03-02,Energy Purchase,9347.35
TXN-000976,CUST-000061,2021-05-08,Government Subsidy,192.5
TXN-000977,CUST-000022,2020-12-01,Fine,2443.61
TXN-000978,CUST-000018,2021-05-06,Energy Purchase,3578.96
TXN-000979,CUST-000080,2022-03-20,Government Subsidy,4487.05
TXN-000980,CUST-000054,2022-09-03,Energy Purchase,1791.87
TXN-000981,CUST-000066,2024-10-18,Fine,1692.5
TXN-000982,CUST-000046,2020-07-02,Energy Purchase,4776.85
TXN-000983,CUST-000040,2021-12-05,Maintenance Fee,4672.23
TXN-000984,CUST-000036,2021-03-05,Energy Purchase,1537.42
TXN-000985,CUST-000045,2020-09-01,Energy Purchase,4518.39
TXN-000986,CUST-000090,2022-05-12,Government Subsidy,275.27
TXN-000987,CUST-000078,2024-05-13,Maintenance Fee,9819.84
TXN-000988,CUST-000067,2024-09-10,Government Subsidy,2731.56
TXN-000989,CUST-000075,2022-09-18,Fine,8371.01
TXN-000990,CUST-000008,2022-02-15,Fine,5084.79
TXN-000991,CUST-000040,2022-11-29,Energy Purchase,8089.5
TXN-000992,CUST-000034,2024-07-16,Government Subsidy,716.74
TXN-000993,CUST-000096,2024-10-19,Fine,2544.94
TXN-000994,CUST-000029,2020-01-17,Maintenance Fee,537.55
TXN-000995,CUST-000067,2024-04-18,Energy Purchase,1674.99
TXN-000996,CUST-000039,2021-12-19,Fine,1572.18
TXN-000997,CUST-000007,2022-06-22,Maintenance Fee,8904.89
TXN-000998,CUST-000004,2024-07-27,Fine,4832.76
TXN-000999,CUST-000051,2023-12-25,Energy Purchase,4158.28
