substation_id,distribution_date,energy_distributed_mwh,peak_load_mw,outage_hours
SUB-029,2024-10-20,6399.08,169.13,12.46
SUB-045,2023-07-28,4093.08,147.14,21.85
SUB-012,2021-01-21,543.01,408.52,10.47
SUB-034,2024-09-10,887.24,158.34,12.25
SUB-048,2024-06-20,4040.69,105.04,47.47
SUB-008,2023-11-13,8321.76,404.64,30.76
SUB-003,2020-06-29,7151.45,128.41,20.48
SUB-039,2021-10-15,3938.26,406.11,4.86
SUB-009,2021-09-19,8372.3,167.61,36.63
SUB-037,2020-06-21,6723.17,231.53,20.55
SUB-024,2020-06-14,3495.02,479.24,6.1
SUB-029,2021-11-09,2920.07,139.13,15.86
SUB-015,2021-02-15,5199.05,267.72,16.3
SUB-005,2024-11-15,4580.87,102.84,35.27
SUB-029,2021-10-27,1113.78,136.27,29.15
SUB-002,2023-06-25,1907.58,169.59,12.33
SUB-046,2020-12-02,4236.31,490.41,27.82
SUB-018,2020-06-08,3815.91,302.83,25.1
SUB-022,2024-02-21,7218.95,369.46,40.8
SUB-034,2022-05-17,6853.17,220.93,1.07
SUB-002,2022-10-21,3084.21,466.85,38.5
SUB-045,2023-02-14,7123.19,298.0,24.72
SUB-026,2023-11-13,2411.14,473.32,46.06
SUB-011,2023-12-19,5068.11,229.22,11.42
SUB-012,2024-01-20,5488.8,189.22,11.94
SUB-010,2022-11-28,7324.49,488.14,2.28
SUB-041,2024-06-03,8316.17,228.67,45.11
SUB-034,2021-06-14,4402.0,213.47,26.55
SUB-048,2020-12-14,2319.69,179.54,22.1
SUB-010,2024-01-23,2761.07,328.9,7.43
SUB-015,2022-03-26,6310.62,359.19,22.08
SUB-031,2022-08-04,478.0,267.58,17.62
SUB-033,2021-12-11,9532.86,208.57,39.4
SUB-049,2024-03-20,9692.57,176.33,37.57
SUB-045,2024-09-30,354.45,393.09,24.53
SUB-022,2021-08-28,2560.89,99.17,21.11
SUB-010,2022-10-18,1279.25,310.1,45.65
SUB-013,2020-07-09,9442.41,274.21,34.96
SUB-027,2021-12-09,4984.75,251.76,6.73
SUB-046,2021-02-28,1479.68,110.21,11.54
SUB-035,2020-10-29,3627.52,493.97,12.07
SUB-029,2021-07-01,2588.28,392.82,31.9
SUB-015,2020-07-02,5520.53,310.44,15.34
SUB-027,2020-01-08,8045.17,87.31,27.75
SUB-002,2021-02-20,2992.01,169.18,5.16
SUB-017,2024-08-19,9405.97,234.27,6.05
SUB-005,2020-08-16,3989.23,327.25,49.74
SUB-020,2021-07-23,6739.89,273.01,10.66
SUB-038,2020-01-18,905.3,433.35,48.94
SUB-013,2023-01-26,414.22,478.87,31.42
SUB-023,2021-01-22,527.64,234.51,41.37
SUB-042,2020-02-17,389.38,221.86,30.94
SUB-004,2023-10-26,8428.1,427.25,5.64
SUB-029,2024-03-14,3275.39,286.21,29.97
SUB-049,2023-03-25,5000.89,185.29,28.03
SUB-016,2022-01-23,3618.97,445.79,28.24
SUB-030,2023-05-12,7163.89,270.71,19.11
SUB-021,2021-03-14,4600.45,496.77,28.62
SUB-002,2021-03-31,6908.24,397.9,13.25
SUB-028,2020-03-16,4001.46,439.71,24.1
SUB-030,2022-06-25,6650.42,412.91,24.08
SUB-026,2020-04-30,8732.81,122.1,23.5
SUB-005,2022-09-04,5862.94,55.95,45.03
SUB-002,2022-08-23,6768.15,363.5,18.62
SUB-016,2023-11-30,1094.03,439.25,31.03
SUB-048,2023-11-08,3748.34,469.72,4.98
SUB-031,2024-04-21,4736.27,379.82,17.57
SUB-048,2022-04-22,9716.36,78.25,20.98
SUB-036,2021-01-10,7905.2,425.3,20.11
SUB-025,2024-09-21,8195.25,69.66,10.64
SUB-038,2022-01-08,4772.51,164.22,32.71
SUB-038,2021-01-22,2612.5,300.72,15.67
SUB-027,2024-03-21,5102.71,58.65,15.35
SUB-023,2021-04-26,838.68,359.67,47.61
SUB-048,2022-12-30,7171.29,485.96,33.03
SUB-037,2020-05-25,1902.18,89.36,23.72
SUB-044,2024-01-11,7778.24,124.68,19.72
SUB-018,2022-04-28,9573.6,464.3,21.17
SUB-032,2020-10-04,2719.1,316.34,21.75
SUB-013,2024-06-22,7168.67,480.04,44.56
SUB-020,2023-02-13,2103.28,440.0,3.08
SUB-040,2023-12-21,4201.19,153.21,14.68
SUB-037,2023-01-16,3794.71,362.17,28.97
SUB-015,2024-07-12,9847.46,224.07,13.64
SUB-021,2022-02-18,8369.46,107.91,46.94
SUB-043,2023-09-28,3896.47,403.4,48.66
SUB-032,2024-07-27,4650.54,215.31,38.85
SUB-043,2020-03-26,3032.04,88.7,39.81
SUB-007,2022-05-09,8065.39,252.1,49.25
SUB-033,2023-05-31,1304.92,422.02,8.61
SUB-041,2023-12-04,2642.86,152.78,31.34
SUB-001,2023-03-09,5231.4,66.85,35.04
SUB-027,2022-12-06,8049.32,335.81,8.02
SUB-036,2024-11-21,7535.71,242.74,5.55
SUB-022,2024-09-07,2660.23,68.58,44.81
SUB-049,2020-02-09,4583.43,220.58,42.59
SUB-019,2020-12-26,1052.97,62.35,32.85
SUB-043,2021-11-13,5114.8,211.74,46.36
SUB-028,2023-03-17,5323.96,103.44,29.19
SUB-009,2020-11-13,9302.17,367.73,29.37
SUB-038,2023-04-26,7349.15,128.67,12.23
SUB-019,2022-11-28,1972.39,216.61,41.02
SUB-046,2020-08-01,506.11,403.1,49.07
SUB-009,2021-01-25,6893.45,389.32,46.89
SUB-021,2020-02-27,2450.87,493.82,45.63
SUB-042,2020-09-07,1214.16,116.92,28.86
SUB-009,2021-03-22,7045.28,217.6,18.59
SUB-040,2024-08-31,2099.05,391.44,17.53
SUB-005,2023-09-21,3600.93,215.3,2.16
SUB-009,2021-09-01,7867.53,419.52,10.26
SUB-047,2022-01-03,646.45,262.46,47.47
SUB-023,2024-05-18,540.23,398.23,44.86
SUB-030,2024-02-02,3479.58,318.67,46.95
SUB-035,2024-11-16,7006.85,471.62,8.7
SUB-003,2023-05-26,8561.54,125.68,13.37
SUB-047,2022-12-05,6356.4,130.08,49.97
SUB-017,2022-01-14,7767.34,475.75,6.92
SUB-012,2021-09-24,1737.81,109.56,28.67
SUB-012,2024-01-02,9306.45,192.14,49.0
SUB-032,2023-07-08,792.72,65.43,39.55
SUB-037,2022-07-24,4168.45,404.35,26.39
SUB-032,2024-08-15,4862.87,309.49,0.91
SUB-048,2023-05-12,9563.26,286.48,43.89
SUB-002,2024-02-13,7163.35,331.25,0.78
SUB-013,2022-08-26,3069.7,222.37,33.49
SUB-010,2020-07-27,9758.02,260.82,23.53
SUB-047,2023-10-19,1483.59,164.21,29.28
SUB-036,2024-06-12,9964.25,457.61,22.14
SUB-040,2024-11-25,3339.38,257.48,41.23
SUB-042,2023-10-14,7111.25,476.55,39.97
SUB-001,2024-08-19,6547.66,153.83,11.68
SUB-031,2020-01-03,1852.47,308.03,43.28
SUB-022,2023-11-17,8221.57,380.43,17.55
SUB-012,2022-06-21,7929.58,364.56,40.93
SUB-018,2023-06-23,6819.08,204.66,40.85
SUB-030,2020-03-19,7382.94,427.65,32.51
SUB-037,2024-08-06,1850.59,317.62,1.06
SUB-023,2024-09-02,821.01,454.24,7.11
SUB-029,2023-11-08,7980.65,380.36,3.05
SUB-016,2021-03-06,1566.39,364.62,42.91
SUB-025,2024-05-19,2782.9,62.68,29.63
SUB-049,2022-07-14,1784.01,238.74,14.68
SUB-035,2023-03-04,9361.46,210.67,8.15
SUB-048,2022-08-22,2187.03,197.6,0.51
SUB-037,2021-03-15,3512.81,60.17,29.84
SUB-046,2024-05-18,1541.61,269.81,39.54
SUB-040,2023-10-28,1939.56,318.56,19.61
SUB-041,2024-05-11,722.81,92.9,23.94
SUB-010,2020-02-28,1563.38,272.61,10.97
SUB-031,2021-03-13,7886.87,496.35,34.04
SUB-021,2021-01-23,1401.37,63.21,22.66
SUB-005,2020-08-26,6259.19,245.01,26.05
SUB-049,2024-11-28,2107.64,438.7,24.11
SUB-024,2021-04-11,3811.35,287.53,36.17
SUB-024,2023-07-21,8926.82,475.86,42.44
SUB-003,2024-08-14,1011.07,139.9,25.39
SUB-038,2020-06-19,1737.06,319.88,29.21
SUB-048,2021-02-04,2676.26,419.62,23.98
SUB-049,2023-04-24,7409.07,101.74,32.97
SUB-010,2023-12-22,1626.18,417.15,20.41
SUB-049,2020-06-21,7199.12,177.59,28.33
SUB-015,2024-05-02,642.36,253.08,22.21
SUB-022,2020-02-19,628.56,288.74,47.09
SUB-021,2022-03-30,1468.77,120.68,38.07
SUB-033,2021-06-07,5392.78,335.0,20.29
SUB-035,2023-03-10,8042.14,490.68,46.55
SUB-011,2024-02-09,9621.44,188.8,31.84
SUB-014,2020-11-01,5197.5,147.27,22.08
SUB-004,2022-08-24,6240.85,151.04,7.45
SUB-043,2024-04-30,7861.12,499.69,39.09
SUB-002,2022-05-02,6781.13,134.51,17.05
SUB-025,2020-11-01,8445.37,497.14,28.52
SUB-041,2024-04-12,1682.91,225.2,35.66
SUB-042,2022-08-26,7818.92,188.51,2.06
SUB-014,2023-02-11,220.21,156.64,12.28
SUB-010,2022-07-18,2417.79,449.29,5.25
SUB-043,2022-06-29,8388.48,331.56,25.03
SUB-044,2023-01-21,6382.17,307.96,22.28
SUB-038,2021-03-30,118.18,225.66,11.15
SUB-046,2022-12-13,7256.02,273.17,2.15
SUB-030,2022-03-15,7899.16,242.16,8.16
SUB-008,2024-12-11,4992.12,107.26,45.79
SUB-036,2023-09-20,4008.29,113.87,22.21
SUB-049,2023-11-19,649.23,285.26,41.96
SUB-042,2024-07-10,9381.39,114.04,25.79
SUB-002,2023-09-25,6363.03,203.31,28.45
SUB-001,2020-01-01,8068.47,56.59,6.55
SUB-009,2023-01-19,1333.36,353.62,16.02
SUB-049,2021-06-13,9779.99,63.27,24.13
SUB-008,2023-06-30,7070.44,68.02,22.33
SUB-043,2020-01-08,1376.72,64.53,44.25
SUB-006,2022-08-10,1109.06,285.52,43.91
SUB-039,2020-12-04,4036.84,496.61,36.69
SUB-047,2023-12-29,6671.54,452.12,46.49
SUB-005,2020-07-12,7512.79,426.62,9.72
SUB-019,2023-11-01,1801.16,144.16,18.76
SUB-006,2020-11-01,8555.41,67.55,47.07
SUB-017,2020-12-08,6311.67,424.43,17.82
SUB-009,2022-02-20,4667.87,230.57,25.88
SUB-011,2022-02-03,1790.01,153.87,4.96
SUB-005,2024-10-29,1602.89,494.95,28.39
SUB-008,2024-06-05,193.63,408.45,43.78
SUB-035,2022-10-09,1453.39,342.35,24.57
SUB-049,2022-07-25,7374.87,331.14,39.89
SUB-020,2022-03-09,5254.48,381.89,24.0
SUB-007,2021-01-05,7618.79,259.21,25.16
SUB-038,2024-12-18,6109.08,432.5,1.14
SUB-026,2023-02-09,8518.3,214.88,9.81
SUB-023,2023-04-22,7910.79,275.53,29.17
SUB-006,2021-01-23,7372.96,232.95,8.14
SUB-008,2020-10-15,4010.16,324.62,11.76
SUB-021,2024-08-18,3860.97,425.11,32.93
SUB-023,2023-10-16,1128.94,392.27,25.15
SUB-047,2024-10-25,1237.42,406.98,23.41
SUB-013,2023-10-04,9124.57,227.66,24.82
SUB-001,2022-04-20,8032.0,470.76,0.24
SUB-013,2023-04-30,6832.06,402.1,18.33
SUB-018,2020-03-29,7616.31,117.65,16.47
SUB-025,2020-02-12,1122.88,251.12,7.15
SUB-020,2022-07-30,9047.69,91.13,12.38
SUB-010,2020-04-27,1232.08,297.48,20.04
SUB-012,2021-06-30,9528.96,446.24,22.85
SUB-028,2023-01-29,9352.93,315.83,0.49
SUB-015,2020-09-17,2094.39,485.24,41.91
SUB-003,2024-11-06,1396.15,373.69,19.57
SUB-020,2022-12-09,9647.3,208.97,22.81
SUB-003,2021-07-11,2830.3,56.05,16.23
SUB-020,2024-09-29,550.62,455.67,2.78
SUB-007,2023-05-11,772.27,108.86,23.06
SUB-041,2022-04-10,6894.64,452.86,45.88
SUB-020,2021-07-24,8259.41,86.52,3.23
SUB-014,2022-11-07,8648.9,494.89,2.74
SUB-047,2020-01-05,8090.55,232.62,7.14
SUB-012,2023-01-30,3563.24,303.1,44.9
SUB-020,2024-01-04,4250.73,180.75,47.29
SUB-018,2020-11-11,3205.65,333.45,48.52
SUB-036,2023-08-16,5300.87,477.33,1.05
SUB-004,2022-02-27,537.26,382.62,0.84
SUB-006,2024-08-01,3445.24,310.23,15.97
SUB-025,2021-03-08,2651.7,263.1,27.55
SUB-047,2023-06-29,1969.69,130.18,28.66
SUB-007,2022-08-09,732.16,386.97,42.38
SUB-029,2022-01-29,6736.79,286.83,16.98
SUB-014,2022-04-19,812.95,91.77,14.04
SUB-045,2022-03-11,7610.51,405.45,39.6
SUB-021,2020-04-21,956.58,376.72,0.46
SUB-042,2021-10-28,6510.95,396.44,6.02
SUB-009,2021-05-10,817.7,197.62,25.05
SUB-023,2020-09-05,2998.58,110.87,5.82
SUB-008,2023-08-09,9162.3,353.01,9.76
SUB-010,2023-09-14,9979.41,248.77,27.87
SUB-008,2022-02-13,5853.36,382.14,37.05
SUB-047,2023-01-28,9442.1,122.68,29.7
SUB-029,2020-04-02,2933.56,292.38,32.25
SUB-036,2022-07-05,2386.28,352.07,27.41
SUB-002,2023-06-09,6120.59,71.21,31.18
SUB-022,2023-07-24,579.0,87.42,47.94
SUB-035,2021-01-28,196.71,454.45,7.37
SUB-047,2021-11-04,7147.9,94.37,47.3
SUB-048,2020-01-27,3844.34,289.99,17.36
SUB-046,2023-11-14,4258.56,121.94,48.11
SUB-004,2021-01-17,7700.74,427.99,14.84
SUB-018,2023-07-20,5302.31,379.77,15.75
SUB-045,2022-12-27,6961.8,228.17,39.22
SUB-038,2020-08-06,1057.49,437.87,43.36
SUB-023,2023-08-03,3038.59,91.71,8.15
SUB-008,2022-03-27,1545.86,271.15,49.74
SUB-010,2022-08-20,3563.35,339.44,38.12
SUB-049,2024-09-06,1959.36,204.51,48.65
SUB-016,2023-10-20,1832.27,425.99,32.09
SUB-028,2023-03-25,4637.47,142.45,5.03
SUB-047,2024-09-28,9587.53,80.32,14.3
SUB-015,2022-12-31,4331.81,75.78,7.72
SUB-042,2023-11-29,9005.3,315.35,48.3
SUB-025,2024-02-15,721.93,313.55,33.57
SUB-024,2024-11-13,4159.71,383.68,19.1
SUB-019,2024-07-17,2543.36,345.18,10.83
SUB-031,2022-10-26,2662.05,401.55,39.4
SUB-004,2021-11-15,1172.75,221.9,44.13
SUB-035,2020-07-31,1064.98,210.95,0.82
SUB-010,2024-07-09,622.43,322.92,21.64
SUB-001,2021-08-04,6774.53,397.2,12.78
SUB-004,2021-02-02,7284.61,429.87,28.35
SUB-047,2023-11-12,8110.63,344.99,3.05
SUB-031,2023-04-01,8193.01,178.72,22.8
SUB-005,2020-02-15,1410.33,377.38,10.94
SUB-043,2023-01-22,5630.11,315.12,41.62
SUB-049,2024-10-26,6917.63,404.56,25.33
SUB-031,2024-06-06,9067.69,278.91,31.74
SUB-048,2023-01-30,230.64,363.91,11.24
SUB-037,2023-04-17,6916.02,72.38,20.39
SUB-007,2023-04-02,6900.25,371.89,41.06
SUB-014,2022-08-26,7845.64,265.53,16.9
SUB-006,2022-07-17,1717.63,422.44,49.05
SUB-013,2024-07-29,6441.03,117.37,40.49
SUB-001,2023-04-04,4139.49,77.12,6.59
SUB-013,2021-10-16,6130.92,177.34,29.06
SUB-016,2022-04-20,8298.26,204.24,16.57
SUB-048,2021-03-14,3835.6,421.68,15.11
SUB-010,2020-07-08,4326.15,142.25,20.85
SUB-035,2024-05-12,6418.23,111.06,37.8
SUB-048,2023-10-20,1914.02,373.53,35.78
SUB-029,2021-07-20,3492.0,491.04,5.24
SUB-030,2024-07-29,4508.69,298.25,14.16
SUB-004,2024-09-25,3669.65,364.62,36.6
SUB-023,2024-10-04,8685.98,158.97,17.59
SUB-046,2024-05-14,2197.76,319.65,49.18
SUB-012,2021-10-25,423.07,456.17,2.17
SUB-038,2021-03-15,8690.34,91.08,36.45
SUB-008,2024-12-23,4088.51,266.39,15.89
SUB-040,2021-03-26,3595.63,407.3,44.8
SUB-025,2023-01-06,8791.51,283.47,24.21
SUB-039,2020-10-18,1901.64,270.39,47.29
SUB-012,2023-05-21,2102.13,177.24,8.12
SUB-012,2023-11-05,9558.6,450.53,12.46
SUB-039,2023-03-12,159.55,307.61,3.74
SUB-024,2020-10-28,7771.74,106.51,46.35
SUB-041,2021-08-25,9746.86,148.23,22.03
SUB-004,2023-02-10,1695.38,364.07,38.76
SUB-012,2023-06-11,3275.28,401.92,6.05
SUB-042,2022-04-23,598.68,270.29,9.88
SUB-048,2024-04-19,5626.47,438.47,32.62
SUB-029,2020-05-19,4883.52,227.41,31.25
SUB-030,2020-11-02,4572.12,254.66,14.85
SUB-016,2024-10-10,2246.64,296.43,5.38
SUB-030,2020-10-09,3953.28,174.75,23.6
SUB-039,2024-03-16,9156.39,470.62,3.69
SUB-001,2023-04-17,1911.5,306.15,22.33
SUB-046,2023-12-31,5046.36,426.98,31.15
SUB-012,2022-11-18,6531.77,483.23,1.96
SUB-013,2021-02-07,2923.74,332.87,39.17
SUB-026,2022-06-13,5567.53,110.03,18.19
SUB-015,2020-02-24,4231.5,358.58,48.34
SUB-004,2022-06-25,2745.58,234.23,32.38
SUB-045,2024-01-15,2121.69,492.93,32.98
SUB-012,2024-10-26,3003.88,148.33,18.37
SUB-039,2021-11-19,7591.99,482.1,2.12
SUB-033,2020-12-29,3078.4,315.16,24.33
SUB-031,2022-03-05,9561.21,272.31,46.62
SUB-041,2022-03-26,9941.31,112.59,38.28
SUB-024,2020-04-17,2100.19,60.2,27.22
SUB-026,2021-06-29,8578.96,117.8,24.54
SUB-016,2021-06-28,494.99,412.12,16.13
SUB-004,2020-02-18,3242.05,270.58,7.88
SUB-023,2020-09-01,7039.71,188.42,20.21
SUB-044,2022-10-31,1017.0,446.0,6.69
SUB-022,2023-11-02,9235.0,262.11,44.06
SUB-029,2020-02-11,6074.27,467.03,33.85
SUB-005,2020-01-29,3783.21,202.85,41.89
SUB-045,2023-08-25,9167.22,405.63,30.73
SUB-001,2021-06-25,5029.3,337.66,0.03
SUB-040,2020-09-02,5739.1,303.49,12.57
SUB-011,2024-03-18,1358.99,409.81,36.35
SUB-031,2021-08-22,874.0,445.82,21.4
SUB-027,2024-09-09,9374.35,293.2,12.84
SUB-039,2022-07-01,7862.58,339.13,6.77
SUB-041,2021-07-17,7940.26,263.98,4.1
SUB-016,2021-12-18,2092.46,182.17,13.63
SUB-010,2021-05-26,7832.17,353.78,19.12
SUB-028,2023-09-13,5600.01,69.07,24.63
SUB-009,2020-12-11,2841.72,295.55,33.12
SUB-010,2023-04-01,5495.32,460.76,20.18
SUB-043,2020-10-10,2013.62,396.87,19.09
SUB-044,2021-01-28,7311.67,254.71,35.66
SUB-029,2021-03-01,4215.28,242.95,1.08
SUB-046,2022-08-17,7708.59,305.48,29.01
SUB-036,2021-08-23,765.7,227.26,12.72
SUB-015,2020-03-27,3751.11,333.39,1.47
SUB-043,2022-10-16,1957.31,243.71,28.27
SUB-016,2022-11-05,6948.65,443.62,29.41
SUB-024,2021-03-25,202.87,106.16,14.86
SUB-048,2020-02-21,3049.35,265.1,6.03
SUB-003,2021-08-03,9183.43,195.32,0.27
SUB-016,2020-01-03,9570.75,290.8,39.15
SUB-015,2021-04-08,2813.6,50.17,27.45
SUB-007,2024-07-14,1662.59,319.5,15.72
SUB-036,2022-05-31,5710.19,468.73,14.37
SUB-010,2020-09-16,245.62,276.38,20.03
SUB-040,2020-05-17,1831.02,407.11,32.84
SUB-040,2023-09-18,7179.43,68.8,15.12
SUB-027,2023-05-12,897.35,385.73,15.29
SUB-016,2023-05-25,5446.35,274.7,22.08
SUB-026,2022-08-25,6230.07,162.38,24.57
SUB-012,2022-11-21,252.7,133.15,34.2
SUB-034,2024-05-30,6799.08,260.46,28.19
SUB-035,2022-06-29,6366.36,473.76,32.09
SUB-036,2020-11-22,3357.36,453.56,11.78
SUB-034,2022-08-31,2264.7,202.13,43.2
SUB-043,2022-01-31,4951.25,292.03,40.28
SUB-043,2020-11-28,7892.2,244.43,19.73
SUB-036,2021-12-08,9851.64,129.43,20.11
SUB-046,2024-12-26,8528.5,208.66,3.89
SUB-045,2020-09-20,3668.2,384.77,8.95
SUB-041,2020-03-08,7479.77,82.96,6.83
SUB-002,2022-07-08,2251.81,56.54,38.62
SUB-048,2023-09-30,4858.24,418.53,25.26
SUB-016,2021-01-06,7904.14,154.56,39.62
SUB-011,2022-01-07,4047.96,115.36,16.06
SUB-044,2023-07-21,8655.36,128.69,40.46
SUB-042,2020-04-29,3565.64,385.62,26.54
SUB-044,2023-10-19,1559.25,361.82,26.28
SUB-043,2020-08-04,9257.12,105.38,38.3
SUB-027,2023-10-06,8687.89,477.72,31.87
SUB-039,2023-03-07,1773.15,161.23,44.73
SUB-017,2020-06-18,9866.45,411.73,4.31
SUB-006,2022-08-28,7578.47,82.79,49.73
SUB-021,2024-04-29,1102.85,322.1,1.23
SUB-002,2023-04-16,8443.13,283.05,35.58
SUB-007,2022-06-15,1470.85,223.85,3.47
SUB-024,2023-01-05,9053.88,341.93,25.23
SUB-035,2023-06-06,9173.14,412.27,10.99
SUB-033,2024-08-31,5573.4,440.58,21.96
SUB-030,2022-03-17,3791.18,427.13,26.25
SUB-034,2024-07-17,2438.34,103.05,37.71
SUB-009,2022-01-06,9253.61,395.57,38.5
SUB-016,2024-11-17,9637.68,403.6,30.58
SUB-018,2024-11-23,4396.23,386.47,22.87
SUB-031,2023-12-19,5364.92,127.92,15.82
SUB-015,2021-10-16,3722.14,202.51,19.75
SUB-028,2023-04-27,9034.09,476.32,34.42
SUB-014,2023-12-04,9995.13,324.18,13.75
SUB-018,2022-05-09,2907.77,428.43,18.15
SUB-020,2024-04-26,9329.67,330.74,11.97
SUB-015,2021-08-01,4235.37,401.66,34.94
SUB-049,2020-02-09,8580.0,108.55,27.69
SUB-049,2020-10-26,9472.46,295.19,7.66
SUB-021,2022-08-19,8662.65,154.2,39.51
SUB-044,2024-10-06,1997.85,327.0,49.34
SUB-032,2022-01-05,1171.04,128.4,17.86
SUB-043,2024-08-12,9051.65,78.29,33.67
SUB-007,2022-08-04,8453.06,360.13,3.6
SUB-034,2023-09-24,2407.48,56.43,19.28
SUB-020,2024-06-06,496.37,476.51,13.19
SUB-004,2022-01-02,3443.32,189.41,6.36
SUB-011,2021-11-25,2719.85,217.55,20.48
SUB-048,2024-01-04,9030.97,486.4,43.06
SUB-048,2023-07-19,8818.17,343.59,47.86
SUB-006,2021-02-01,2038.71,189.48,37.75
SUB-021,2023-01-14,2004.9,299.03,26.6
SUB-010,2022-03-09,752.85,357.23,33.07
SUB-027,2022-01-27,6670.45,152.86,12.33
SUB-033,2020-02-06,4526.04,344.79,24.36
SUB-016,2020-07-05,8845.24,302.22,5.4
SUB-035,2020-01-06,896.0,244.67,18.37
SUB-029,2024-02-09,2603.75,475.69,11.98
SUB-031,2021-09-08,7244.44,460.95,46.63
SUB-038,2024-01-11,9829.47,228.18,2.54
SUB-010,2021-04-30,405.31,174.51,9.89
SUB-007,2020-02-20,6445.21,55.81,3.75
SUB-040,2021-05-12,1518.76,423.83,37.54
SUB-019,2023-04-09,4691.97,268.57,1.2
SUB-003,2022-03-04,1627.1,491.3,20.94
SUB-047,2020-11-12,2734.74,397.82,45.0
SUB-013,2021-02-01,9371.17,259.72,27.58
SUB-003,2024-07-30,1106.63,417.67,18.69
SUB-045,2020-11-24,3446.74,289.12,35.56
SUB-008,2020-09-01,4001.46,75.19,29.23
SUB-032,2020-09-21,7837.38,277.4,15.58
SUB-027,2022-08-27,2777.1,61.21,24.44
SUB-005,2020-05-06,5590.52,58.07,39.76
SUB-021,2020-05-24,4313.97,146.94,26.17
SUB-005,2023-09-02,5084.18,103.85,19.59
SUB-016,2022-03-15,970.03,275.27,8.92
SUB-048,2024-04-27,6159.41,420.33,48.99
SUB-032,2024-12-03,7209.63,88.61,4.66
SUB-008,2021-11-24,1056.58,127.88,45.39
SUB-022,2022-09-16,9960.82,304.39,32.89
SUB-048,2024-05-29,8068.29,143.19,32.81
SUB-014,2021-01-10,8119.8,423.34,4.08
SUB-011,2021-03-19,3177.46,316.99,33.12
SUB-019,2021-02-24,2759.43,205.11,23.88
SUB-026,2022-02-26,4001.05,89.56,42.73
SUB-023,2022-10-30,4728.03,359.65,20.84
SUB-041,2024-02-11,8395.6,306.92,20.92
SUB-017,2021-01-05,7345.77,423.84,34.5
SUB-022,2021-04-06,2211.45,293.6,21.04
SUB-030,2024-02-07,8930.37,490.75,44.77
SUB-008,2024-03-29,8471.4,335.74,14.76
SUB-026,2022-11-11,8797.16,499.02,48.91
SUB-045,2024-07-03,3186.62,94.06,41.87
SUB-046,2020-10-20,7154.88,209.53,10.99
SUB-033,2023-05-12,2261.84,455.47,7.36
SUB-026,2023-11-21,1470.06,89.61,7.4
SUB-003,2020-08-20,6349.34,474.28,32.63
SUB-013,2024-10-06,6899.65,237.79,40.2
SUB-008,2021-08-31,6763.11,464.22,16.72
SUB-003,2020-05-26,4997.97,77.38,3.37
SUB-002,2022-07-13,4852.93,461.47,8.58
SUB-019,2022-07-11,3587.27,331.32,25.92
SUB-040,2024-12-04,3603.57,144.7,43.46
SUB-049,2021-04-01,6728.71,418.09,41.16
SUB-048,2022-05-26,4673.26,272.97,20.43
SUB-025,2021-01-21,4624.08,154.51,15.11
SUB-044,2022-07-20,3602.2,73.76,39.05
SUB-012,2024-07-14,2187.97,294.71,46.57
SUB-037,2024-11-10,6033.93,282.63,41.79
SUB-027,2021-12-09,5524.77,164.41,40.78
SUB-029,2022-07-16,9294.48,340.47,6.7
SUB-004,2022-05-15,7474.14,369.76,47.82
SUB-047,2022-04-16,2414.57,351.27,23.92
SUB-007,2024-05-24,152.5,202.67,20.16
SUB-020,2024-06-04,2594.11,479.88,11.72
SUB-026,2022-11-28,3578.84,454.31,38.01
SUB-043,2020-12-15,5488.2,362.02,43.18
SUB-009,2021-05-30,8669.8,142.54,20.87
SUB-023,2021-10-25,2923.79,172.01,39.3
SUB-034,2020-09-20,9563.72,106.96,33.77
SUB-031,2020-08-02,6248.32,191.82,24.2
SUB-032,2024-08-08,9001.06,180.54,33.17
SUB-027,2022-01-06,1036.91,63.44,5.68
SUB-037,2022-11-30,3219.22,132.86,16.15
SUB-040,2024-07-18,8246.05,374.21,24.24
SUB-043,2021-02-12,3427.53,326.47,6.38
SUB-032,2022-10-01,8919.92,178.44,10.3
SUB-040,2021-04-13,4893.56,172.21,24.82
SUB-005,2022-04-09,5688.44,60.05,16.27
SUB-027,2021-08-23,6190.36,386.35,30.37
SUB-048,2021-12-24,6938.98,120.35,17.65
SUB-001,2021-11-02,4201.24,331.14,7.2
SUB-016,2022-01-19,9051.27,136.49,2.64
SUB-028,2021-06-12,8091.45,276.61,24.23
SUB-039,2020-08-16,818.89,304.68,40.8
SUB-032,2023-03-31,2395.02,479.37,19.11
SUB-017,2024-01-07,9276.22,488.15,44.76
SUB-009,2021-07-26,8430.57,400.9,24.87
SUB-004,2021-03-03,4433.39,240.35,5.2
SUB-028,2020-03-11,9780.35,57.69,31.59
SUB-047,2024-05-08,7509.04,312.49,11.87
SUB-009,2022-02-11,7810.32,301.36,38.85
SUB-047,2020-02-29,8099.5,162.95,10.0
SUB-039,2020-09-17,9948.71,427.04,7.54
SUB-036,2024-09-09,1503.94,444.24,0.23
SUB-048,2020-12-22,1241.93,159.11,36.86
SUB-004,2022-01-12,2716.2,388.93,36.57
SUB-008,2024-01-03,6182.09,440.46,36.24
SUB-048,2024-08-20,8579.19,493.12,29.68
SUB-020,2023-07-15,8235.42,202.71,5.2
SUB-021,2024-07-02,6830.25,485.36,10.1
SUB-011,2024-09-18,8768.73,385.17,20.88
SUB-002,2021-02-01,4261.08,429.56,3.54
SUB-015,2023-12-07,5833.67,284.67,4.07
SUB-001,2024-08-12,6101.41,322.29,30.6
SUB-048,2024-08-02,3533.28,386.54,33.34
SUB-027,2022-05-04,6509.76,280.77,5.31
SUB-045,2023-09-16,7279.77,186.25,14.69
SUB-005,2020-07-06,3475.93,344.74,11.97
SUB-012,2021-06-10,6996.16,54.31,15.03
SUB-029,2022-05-30,9178.89,106.36,9.44
SUB-022,2023-10-31,2350.23,177.24,41.6
SUB-013,2021-10-24,556.65,109.26,3.43
SUB-003,2024-06-25,8977.18,448.86,21.64
SUB-006,2020-08-02,9498.19,173.85,3.03
SUB-004,2022-05-01,8743.44,80.52,31.87
SUB-027,2022-06-30,5086.35,109.88,30.87
SUB-008,2024-05-18,9449.43,332.02,32.1
SUB-016,2022-10-06,4823.39,134.25,10.05
SUB-045,2022-10-18,190.13,318.9,49.4
SUB-036,2020-11-18,4134.94,348.6,0.99
SUB-001,2020-06-14,8870.04,479.22,20.33
SUB-025,2021-12-12,4710.25,261.9,15.55
SUB-031,2024-07-02,7640.22,169.77,45.53
SUB-032,2020-10-13,8259.89,147.01,12.95
SUB-048,2020-09-14,2240.64,492.64,48.48
SUB-028,2024-08-01,3529.59,132.38,7.91
SUB-007,2021-03-11,2055.22,241.66,1.1
SUB-031,2021-10-05,9306.25,60.7,35.57
SUB-028,2022-07-24,9266.12,163.51,16.21
SUB-008,2022-02-18,4817.53,453.11,25.47
SUB-038,2022-02-04,7225.09,494.2,21.26
SUB-032,2024-03-03,3963.21,150.73,49.27
SUB-043,2020-09-15,710.93,54.23,9.56
SUB-048,2022-09-08,4568.35,414.46,13.26
SUB-037,2024-06-29,5417.46,116.29,38.89
SUB-031,2024-10-09,7222.91,220.23,42.32
SUB-025,2020-12-09,1415.68,341.53,17.72
SUB-015,2020-10-13,6594.27,189.32,31.05
SUB-006,2020-04-16,7357.36,357.42,13.54
SUB-036,2021-04-02,3395.44,368.22,25.83
SUB-045,2020-05-21,8668.3,150.75,26.47
SUB-035,2020-11-25,5652.01,482.24,16.64
SUB-004,2024-06-30,4157.59,146.22,32.61
SUB-029,2021-11-11,7836.17,298.2,1.89
SUB-021,2024-07-30,8342.21,256.6,3.24
SUB-022,2023-11-27,4692.3,401.34,35.28
SUB-042,2024-08-30,2144.81,371.18,21.2
SUB-017,2021-07-28,4704.01,355.08,28.53
SUB-049,2024-04-11,8155.97,325.67,20.3
SUB-013,2021-11-14,1331.64,236.78,31.31
SUB-003,2021-02-09,322.63,67.63,25.92
SUB-049,2022-07-26,7017.12,207.62,4.68
SUB-049,2024-07-13,4883.03,70.53,39.32
SUB-034,2020-08-18,361.21,71.41,6.62
SUB-023,2023-06-04,4263.34,374.11,2.08
SUB-010,2022-08-29,9314.66,56.67,4.11
SUB-045,2022-10-07,1296.96,286.6,46.72
SUB-042,2021-04-05,8996.02,372.38,44.08
SUB-016,2020-02-14,7778.67,50.62,47.32
SUB-044,2023-12-01,1332.05,283.24,2.67
SUB-004,2023-06-10,374.49,221.97,14.26
SUB-006,2020-11-28,6297.02,439.32,23.7
SUB-049,2020-12-09,5063.64,451.92,23.77
SUB-011,2021-02-09,6252.86,158.81,15.13
SUB-021,2021-10-17,6051.71,210.72,23.24
SUB-034,2024-10-14,2450.29,115.73,33.24
SUB-046,2021-11-07,5160.55,486.73,3.56
SUB-006,2024-08-08,6461.99,54.11,24.99
SUB-003,2021-09-13,3531.71,302.91,33.55
SUB-019,2021-05-20,4110.51,397.94,9.91
SUB-013,2024-01-28,6721.06,345.49,17.6
SUB-012,2023-10-11,8573.54,482.54,13.72
SUB-017,2023-03-21,791.63,198.03,31.73
SUB-031,2024-07-24,4104.69,484.63,37.63
SUB-026,2024-01-28,2214.22,427.71,29.47
SUB-021,2021-10-06,2041.94,413.0,1.3
SUB-041,2024-12-13,3853.8,196.78,6.55
SUB-041,2022-06-01,1774.05,405.5,18.48
SUB-017,2023-04-03,458.74,401.12,5.44
SUB-009,2023-07-20,6523.52,304.27,10.88
SUB-043,2020-11-21,2428.96,364.23,10.76
SUB-012,2023-01-18,6317.09,137.07,14.42
SUB-047,2022-04-20,6953.99,153.82,10.32
SUB-044,2021-04-15,2704.36,339.01,13.84
SUB-014,2024-12-25,4385.03,259.02,44.62
SUB-048,2023-12-31,5858.78,367.17,5.47
SUB-023,2024-09-30,8460.65,215.03,30.86
SUB-049,2024-04-09,7641.92,55.02,32.43
SUB-017,2024-04-14,1147.7,499.99,19.45
SUB-027,2023-08-31,8357.38,125.7,46.67
SUB-001,2021-10-10,6240.22,227.67,26.14
SUB-045,2023-10-02,4537.22,114.61,42.93
SUB-030,2020-06-25,2140.37,426.52,32.74
SUB-031,2021-11-10,8307.7,496.07,0.29
SUB-015,2020-08-06,785.08,380.54,14.05
SUB-001,2023-05-27,1807.71,497.94,5.0
SUB-029,2023-07-03,7800.29,380.8,46.33
SUB-028,2021-08-06,6348.19,299.68,9.62
SUB-040,2023-03-30,9807.97,345.33,19.31
SUB-024,2023-09-07,6266.9,486.0,19.69
SUB-023,2023-08-17,3436.79,200.36,19.55
SUB-044,2020-07-15,3548.09,170.84,7.02
SUB-008,2023-05-02,1052.37,196.67,9.64
SUB-045,2021-08-13,5289.57,465.91,8.9
SUB-022,2020-12-01,3936.83,333.97,2.81
SUB-036,2023-02-11,8856.56,306.92,44.69
SUB-010,2020-05-28,5680.3,420.03,30.78
SUB-029,2021-02-18,5727.32,138.94,46.77
SUB-047,2023-06-29,659.05,369.45,32.88
SUB-028,2023-12-17,8021.8,388.25,17.43
SUB-008,2020-07-12,1359.52,445.05,49.74
SUB-002,2024-03-27,6757.98,171.66,24.77
SUB-045,2024-09-20,9387.43,135.67,44.56
SUB-033,2022-02-18,5945.85,155.4,11.78
SUB-006,2024-11-02,7975.23,419.44,41.85
SUB-029,2024-12-01,1455.46,359.66,19.39
SUB-023,2023-07-30,4257.65,443.13,0.47
SUB-032,2023-11-17,5835.8,234.74,20.38
SUB-010,2020-06-07,1863.28,454.63,38.68
SUB-047,2021-01-06,1607.03,101.32,37.86
SUB-008,2020-05-17,3047.21,250.67,41.76
SUB-039,2021-08-31,553.19,352.1,19.49
SUB-008,2023-02-24,687.73,90.03,28.59
SUB-029,2023-02-10,9331.83,130.27,34.61
SUB-009,2023-10-12,2925.54,284.94,8.31
SUB-005,2024-07-04,2109.01,208.67,6.24
SUB-030,2020-03-05,6054.44,370.17,12.94
SUB-040,2020-09-13,8542.91,63.62,40.55
SUB-037,2023-04-16,4236.52,212.19,7.22
SUB-032,2024-05-27,4311.43,242.08,29.51
SUB-009,2022-06-29,1679.93,297.36,9.85
SUB-024,2020-12-29,1380.82,468.94,8.85
SUB-030,2021-06-30,9350.33,293.09,6.46
SUB-007,2024-01-07,5832.17,115.7,33.36
SUB-032,2020-08-14,7003.33,243.5,39.88
SUB-015,2022-02-23,4588.0,269.06,49.47
SUB-036,2021-03-28,7979.36,277.64,16.26
SUB-002,2024-12-27,3141.13,383.96,11.71
SUB-035,2020-08-10,8971.55,287.16,23.43
SUB-036,2020-12-24,8875.71,277.28,17.6
SUB-021,2024-01-14,1097.26,189.92,35.62
SUB-049,2021-10-30,1506.07,83.24,29.09
SUB-011,2024-08-28,5121.77,290.0,9.39
SUB-029,2020-01-15,1921.16,412.25,3.51
SUB-034,2022-07-30,8483.17,307.88,34.32
SUB-017,2023-06-20,6800.34,267.65,32.24
SUB-021,2020-01-03,7087.4,85.18,12.77
SUB-024,2024-08-17,6391.87,240.65,26.9
SUB-031,2020-10-03,1371.33,127.74,27.26
SUB-034,2024-06-22,6837.86,391.96,31.85
SUB-034,2021-06-15,8741.44,334.14,10.73
SUB-011,2021-06-25,2803.88,217.95,20.3
SUB-028,2021-12-06,3659.47,360.11,35.72
SUB-022,2020-01-23,6412.05,401.62,14.13
SUB-028,2022-02-03,1714.43,235.97,14.08
SUB-041,2022-07-04,3616.54,394.26,10.53
SUB-046,2024-08-01,686.05,237.2,3.16
SUB-047,2021-05-21,8633.05,497.96,6.38
SUB-039,2021-05-02,3872.86,306.57,1.32
SUB-028,2022-11-24,4196.7,100.19,32.79
SUB-002,2020-04-22,569.19,379.79,13.71
SUB-041,2023-11-26,3796.87,396.62,44.67
SUB-033,2023-08-14,5136.86,130.74,40.36
SUB-010,2023-01-29,4600.79,250.04,37.23
SUB-014,2022-12-03,8419.91,466.91,1.82
SUB-015,2022-04-22,4948.29,498.24,11.07
SUB-036,2020-07-28,3433.47,323.37,33.19
SUB-007,2024-04-20,2735.96,84.28,10.71
SUB-003,2020-11-20,2205.96,146.83,30.95
SUB-042,2023-06-17,6102.48,435.14,3.67
SUB-004,2021-07-19,7892.52,210.39,10.25
SUB-002,2021-03-28,5568.08,113.34,0.64
SUB-025,2024-10-31,7371.52,265.43,42.22
SUB-007,2022-01-04,1528.35,81.57,30.35
SUB-012,2023-02-10,5217.55,476.22,48.0
SUB-021,2024-04-26,2737.92,310.8,5.04
SUB-015,2020-10-06,6451.85,417.62,23.22
SUB-033,2024-06-18,7112.05,126.75,36.06
SUB-008,2020-01-25,4037.11,364.87,39.32
SUB-029,2021-06-08,7672.46,352.26,34.98
SUB-008,2023-10-10,3371.33,480.58,32.16
SUB-040,2024-08-07,5369.77,492.0,33.06
SUB-030,2020-09-04,9721.0,338.02,40.74
SUB-024,2024-06-19,1052.45,369.72,5.56
SUB-011,2021-08-25,9111.05,93.25,48.8
SUB-001,2021-08-30,7783.08,292.97,5.23
SUB-017,2021-07-19,1253.91,268.91,25.15
SUB-007,2020-09-30,5285.15,465.25,46.67
SUB-011,2022-09-10,9207.36,451.44,18.68
SUB-047,2022-04-19,509.58,302.23,49.83
SUB-009,2023-11-27,4686.13,79.18,17.77
SUB-038,2020-01-31,662.17,197.08,20.35
SUB-026,2020-05-23,6542.04,124.65,29.05
SUB-013,2022-02-02,8154.63,316.55,40.06
SUB-018,2021-05-15,9116.52,158.27,33.75
SUB-016,2024-09-07,1228.3,113.06,25.84
SUB-028,2023-12-17,7705.61,207.96,25.13
SUB-026,2020-08-31,1186.94,398.02,21.71
SUB-039,2021-08-12,425.58,54.34,16.86
SUB-032,2022-03-22,4577.24,399.38,3.89
SUB-023,2020-04-28,590.21,458.57,40.0
SUB-021,2020-05-24,2678.45,285.13,41.72
SUB-049,2024-08-23,4748.23,249.46,8.26
SUB-017,2024-09-14,354.46,213.03,39.75
SUB-035,2020-03-25,8596.7,304.83,22.94
SUB-008,2024-04-14,8499.03,205.9,6.74
SUB-045,2022-03-21,7754.45,125.41,41.07
SUB-035,2021-06-26,7758.84,312.16,33.25
SUB-014,2020-08-09,7885.77,221.1,11.72
SUB-005,2022-12-04,9982.7,456.04,21.43
SUB-041,2023-08-28,308.83,117.4,35.11
SUB-027,2020-09-29,7150.4,439.78,14.07
SUB-020,2024-07-15,3905.83,331.17,36.26
SUB-039,2021-06-27,8697.27,301.75,46.55
SUB-014,2022-05-15,4730.86,308.87,2.29
SUB-039,2022-08-10,4608.2,344.06,28.15
SUB-007,2023-06-22,8322.47,92.89,11.82
SUB-014,2022-06-24,3862.54,260.48,11.3
SUB-008,2021-01-23,7071.6,396.88,9.29
SUB-009,2022-03-06,5282.87,93.15,19.69
SUB-029,2023-11-08,6259.61,201.84,4.41
SUB-041,2020-02-21,6332.06,459.25,19.73
SUB-029,2024-11-13,2599.64,132.77,11.33
SUB-036,2022-03-10,7131.81,92.37,0.41
SUB-044,2021-05-24,6228.42,423.27,18.3
SUB-013,2021-12-09,7902.78,239.12,26.08
SUB-007,2023-01-01,5878.55,59.43,43.3
SUB-048,2023-05-08,5971.91,420.62,24.21
SUB-039,2020-10-26,4686.24,106.95,3.59
SUB-019,2023-06-19,2620.44,131.47,1.91
SUB-027,2020-02-02,9804.12,214.29,32.78
SUB-006,2020-11-08,816.37,418.52,26.99
SUB-038,2021-12-26,5207.82,116.4,3.98
SUB-038,2022-06-12,7627.9,191.13,2.3
SUB-024,2020-04-17,8030.5,461.42,11.69
SUB-001,2020-06-28,456.34,473.38,22.43
SUB-029,2024-08-16,4001.02,112.33,27.4
SUB-024,2021-09-17,6816.58,479.56,36.5
SUB-036,2023-07-19,8876.11,362.14,2.94
SUB-027,2022-07-19,8862.39,114.13,13.97
SUB-024,2020-04-11,7959.84,52.42,3.44
SUB-027,2021-02-15,1654.31,102.62,48.53
SUB-046,2021-02-13,9568.42,165.49,3.45
SUB-010,2020-11-13,9256.55,333.28,1.44
SUB-041,2023-08-30,5147.54,160.31,5.48
SUB-034,2024-11-28,2252.54,379.1,5.29
SUB-012,2021-05-17,1402.33,498.95,22.9
SUB-004,2024-01-31,3827.95,181.99,24.4
SUB-034,2023-02-13,112.0,495.75,23.0
SUB-023,2021-05-02,4506.5,75.32,15.78
SUB-009,2020-05-01,6212.58,71.75,23.57
SUB-048,2020-09-20,9009.1,62.78,36.75
SUB-006,2024-02-19,7849.9,341.95,31.01
SUB-044,2024-09-18,7038.77,158.48,48.27
SUB-044,2021-01-26,3854.86,455.92,17.12
SUB-011,2023-02-05,4293.91,378.01,19.67
SUB-006,2020-06-21,4563.8,497.48,0.67
SUB-032,2024-03-21,2186.77,360.82,8.62
SUB-013,2021-01-05,970.43,265.44,29.34
SUB-005,2020-01-27,3807.87,264.46,1.01
SUB-003,2020-12-17,919.53,210.41,8.41
SUB-012,2021-12-30,3889.5,133.65,23.54
SUB-017,2024-05-17,7079.83,453.59,45.58
SUB-042,2023-05-30,8635.29,235.35,47.05
SUB-010,2021-03-01,9285.17,319.08,43.77
SUB-019,2024-11-28,2416.97,170.67,25.53
SUB-014,2023-02-23,9114.92,491.53,24.99
SUB-012,2021-03-19,6441.2,438.97,31.41
SUB-020,2023-05-06,6155.6,474.95,0.58
SUB-035,2023-02-09,8122.3,89.82,8.87
SUB-023,2022-09-03,9440.27,274.69,19.32
SUB-038,2023-11-29,903.89,102.42,47.2
SUB-033,2023-12-06,6937.01,251.39,31.98
SUB-049,2021-12-15,2258.84,349.12,15.1
SUB-044,2023-03-27,2412.26,158.82,3.04
SUB-012,2024-04-09,8708.16,161.14,30.55
SUB-029,2020-09-06,573.47,179.29,47.7
SUB-044,2022-09-08,8930.06,352.54,17.59
SUB-039,2024-01-02,324.53,268.18,40.97
SUB-040,2023-11-14,8932.41,399.27,1.1
SUB-002,2021-03-27,5963.18,385.74,44.67
SUB-043,2021-01-31,354.64,401.25,20.4
SUB-027,2023-03-30,6505.31,424.48,48.8
SUB-007,2023-07-02,1903.98,340.54,16.51
SUB-002,2023-07-25,4803.89,157.04,29.05
SUB-047,2021-07-07,8854.1,64.49,29.03
SUB-017,2021-03-01,5255.17,93.89,21.57
SUB-021,2020-09-25,3516.2,276.54,15.45
SUB-018,2023-03-17,2176.07,468.76,4.09
SUB-007,2022-08-18,4911.3,385.57,44.48
SUB-014,2021-10-09,3797.85,272.49,25.11
SUB-041,2022-02-02,8330.64,321.83,33.19
SUB-001,2021-04-01,9851.74,115.98,39.44
SUB-008,2021-02-08,6026.6,370.61,14.17
SUB-041,2023-08-05,974.28,279.7,0.93
SUB-041,2024-12-20,7875.36,125.31,13.28
SUB-048,2022-10-27,3829.18,119.32,33.22
SUB-032,2020-03-20,3510.83,69.99,3.89
SUB-043,2022-04-18,6998.97,71.55,35.31
SUB-009,2020-03-05,3444.97,124.7,5.61
SUB-021,2024-10-13,5124.43,91.22,21.65
SUB-026,2024-10-14,6831.28,314.28,46.51
SUB-046,2021-06-13,4086.06,64.9,21.87
SUB-018,2023-05-05,7012.55,141.71,29.98
SUB-035,2020-05-04,4704.1,312.89,38.63
SUB-033,2021-11-21,4623.99,323.79,15.79
SUB-023,2021-12-21,6084.02,407.76,13.04
SUB-015,2024-04-01,8063.05,410.72,24.79
SUB-039,2022-12-01,3927.07,421.72,21.09
SUB-043,2025-01-01,5712.78,421.42,17.28
SUB-007,2024-07-31,592.05,366.44,44.18
SUB-037,2022-02-07,7644.72,472.98,48.98
SUB-025,2022-09-03,2151.48,179.27,32.39
SUB-034,2024-02-04,9693.24,402.18,29.86
SUB-048,2022-09-10,7621.18,142.97,25.92
SUB-027,2021-12-02,9979.43,180.73,8.55
SUB-034,2022-06-27,3928.68,186.94,32.36
SUB-023,2021-11-02,8460.28,386.1,40.06
SUB-014,2024-08-29,5529.59,488.06,13.59
SUB-025,2024-01-13,760.99,200.51,35.05
SUB-016,2024-01-20,7828.4,435.14,14.18
SUB-020,2023-12-17,7654.85,220.55,41.08
SUB-021,2022-02-01,4890.56,422.37,11.42
SUB-023,2020-08-20,6753.07,107.38,16.71
SUB-028,2024-05-07,7172.07,470.74,28.7
SUB-029,2021-09-03,7397.6,58.22,25.29
SUB-030,2020-07-09,9303.38,351.66,0.24
SUB-005,2023-07-18,3266.05,147.63,17.75
SUB-018,2023-12-29,4579.53,179.46,27.68
SUB-012,2021-09-01,4143.47,281.54,47.04
SUB-015,2020-04-20,3950.85,98.36,35.67
SUB-033,2021-11-07,9824.52,287.84,30.04
SUB-040,2021-10-03,3234.48,277.04,29.49
SUB-019,2020-08-20,3490.96,111.89,24.14
SUB-039,2022-11-06,7341.73,274.98,23.59
SUB-013,2021-11-22,9635.26,213.61,25.76
SUB-021,2020-10-18,918.19,419.49,39.74
SUB-027,2024-06-21,4016.45,495.59,24.29
SUB-041,2024-12-22,8273.01,433.0,28.48
SUB-004,2022-02-17,5730.44,372.83,11.91
SUB-022,2024-01-12,3018.36,67.76,1.16
SUB-002,2022-08-31,5759.09,369.27,40.52
SUB-019,2023-09-06,3090.53,349.79,27.64
SUB-029,2020-06-21,6809.32,280.69,14.09
SUB-039,2023-04-30,1292.45,97.46,6.74
SUB-048,2022-07-20,2873.84,92.33,3.07
SUB-026,2021-12-31,4987.52,178.67,27.18
SUB-037,2022-11-24,4246.57,279.31,27.56
SUB-040,2020-08-06,506.96,58.72,27.99
SUB-021,2021-03-04,447.78,149.98,25.53
SUB-032,2021-02-26,1157.83,334.93,42.72
SUB-047,2021-04-13,4068.67,466.39,44.44
SUB-035,2021-05-15,1582.69,80.78,49.54
SUB-040,2022-01-16,3341.26,369.34,41.02
SUB-027,2023-10-12,8604.42,487.77,26.38
SUB-026,2020-02-04,4272.58,387.5,13.03
SUB-028,2022-09-14,2549.05,238.56,39.32
SUB-017,2023-12-21,2392.74,436.42,43.51
SUB-018,2020-05-17,9992.83,148.31,47.82
SUB-021,2023-06-05,5475.26,265.43,40.57
SUB-009,2021-12-01,2549.01,440.46,10.98
SUB-004,2021-05-13,6500.18,122.33,45.03
SUB-021,2022-06-20,1381.75,165.19,6.87
SUB-023,2022-08-23,1127.56,499.2,37.89
SUB-005,2024-03-29,969.72,194.44,27.8
SUB-045,2020-02-20,6242.65,467.84,28.13
SUB-041,2021-05-09,3336.48,264.86,33.2
SUB-008,2024-05-15,2174.73,336.53,19.61
SUB-020,2021-07-05,4092.56,495.22,20.04
SUB-010,2024-05-31,4848.09,60.54,12.17
SUB-005,2022-01-30,3902.22,132.26,15.4
SUB-011,2024-12-05,7668.19,205.87,17.21
SUB-015,2024-07-04,5273.25,134.84,27.47
SUB-022,2021-07-06,8427.43,374.45,14.56
SUB-017,2023-08-27,6943.58,467.14,36.11
SUB-001,2021-08-04,7925.68,474.61,19.8
SUB-002,2020-03-24,9714.96,174.98,40.48
SUB-024,2024-08-13,3177.21,477.51,48.51
SUB-040,2022-02-26,6810.08,172.55,38.14
SUB-036,2022-05-05,9308.45,91.46,49.59
SUB-035,2021-04-09,6189.2,298.33,31.87
SUB-002,2020-11-01,8251.24,225.99,15.37
SUB-046,2022-01-09,853.15,313.8,10.43
SUB-048,2024-01-15,2147.1,407.63,36.97
SUB-002,2022-12-14,7923.82,431.71,29.04
SUB-028,2021-06-11,9966.57,73.9,0.26
SUB-040,2023-02-23,5411.17,416.07,39.41
SUB-043,2020-08-12,7288.76,173.39,34.28
SUB-015,2024-02-05,7443.84,431.45,3.44
SUB-002,2021-09-15,3303.54,121.8,33.05
SUB-020,2022-03-25,9109.63,285.93,33.96
SUB-039,2023-07-17,858.91,321.84,43.23
SUB-025,2023-05-10,1132.89,267.82,3.49
SUB-018,2024-01-17,3971.07,52.18,40.13
SUB-009,2022-03-01,5659.45,494.02,13.68
SUB-037,2021-01-29,1899.64,375.28,6.74
SUB-033,2020-01-31,5233.38,239.1,11.7
SUB-003,2022-12-18,1143.52,337.13,23.58
SUB-013,2022-06-14,5818.7,124.69,30.47
SUB-031,2021-09-13,7350.14,284.28,29.33
SUB-045,2020-12-24,7277.6,319.25,20.44
SUB-045,2024-04-26,4142.8,114.85,48.11
SUB-010,2024-06-02,2350.8,171.78,4.61
SUB-027,2022-11-18,1147.66,422.15,8.91
SUB-018,2023-03-16,9837.38,429.59,37.73
SUB-023,2021-07-23,8490.96,81.39,23.64
SUB-015,2020-10-17,2367.3,289.26,21.96
SUB-040,2023-06-14,9667.22,217.57,34.32
SUB-031,2024-09-29,8456.29,174.28,36.8
SUB-034,2022-08-01,7720.49,318.33,45.3
SUB-035,2023-09-18,8606.74,121.12,39.77
SUB-047,2020-11-28,9080.16,244.71,0.48
SUB-013,2021-12-01,5222.36,287.84,12.55
SUB-014,2023-05-28,3841.41,386.21,38.19
SUB-002,2021-11-27,5669.33,274.01,41.77
SUB-001,2024-11-03,467.42,185.74,13.11
SUB-033,2020-04-26,3075.68,170.1,20.33
SUB-035,2021-10-30,9421.52,57.5,12.77
SUB-045,2022-04-14,7615.3,131.14,7.04
SUB-034,2023-01-31,7450.68,185.45,25.63
SUB-048,2023-12-23,3296.28,487.53,18.65
SUB-030,2021-10-27,9621.14,467.99,34.48
SUB-009,2020-09-20,8077.04,329.29,31.83
SUB-022,2023-04-25,7293.13,498.48,3.14
SUB-005,2020-05-01,4595.04,330.5,1.46
SUB-003,2022-05-11,6112.36,403.56,23.09
SUB-045,2021-12-21,3935.31,189.36,8.31
SUB-011,2024-01-15,201.36,181.23,16.05
SUB-030,2020-11-14,3114.86,294.2,31.72
SUB-026,2022-07-29,756.3,391.88,35.95
SUB-029,2020-11-25,6128.92,187.4,42.94
SUB-018,2023-03-01,1277.06,109.83,9.97
SUB-027,2021-12-16,8920.32,67.39,17.39
SUB-016,2021-12-25,2925.89,216.15,18.72
SUB-014,2021-10-29,3487.08,264.86,34.0
SUB-030,2023-08-30,5763.03,471.65,24.22
SUB-018,2021-05-28,8363.97,228.59,36.0
SUB-034,2020-12-11,1918.7,269.3,16.39
SUB-025,2024-01-11,5197.64,87.57,46.18
SUB-045,2020-07-01,8706.26,387.81,43.49
SUB-002,2022-09-14,5268.45,255.16,48.56
SUB-049,2020-07-16,2201.4,214.65,37.12
SUB-002,2021-12-29,7876.9,105.37,28.2
SUB-049,2024-03-24,7552.54,338.56,20.33
SUB-027,2020-11-05,7534.71,94.92,41.36
SUB-005,2024-07-15,5604.28,292.86,26.42
SUB-037,2022-12-07,3017.51,184.91,41.86
SUB-035,2021-07-05,5502.38,154.55,24.34
SUB-025,2024-12-15,8507.62,442.49,14.82
SUB-031,2020-12-19,3235.24,448.32,21.86
SUB-008,2024-07-02,9408.2,381.92,35.62
SUB-049,2022-01-16,3374.87,242.7,42.39
SUB-013,2024-09-27,3416.08,256.01,12.74
SUB-029,2022-08-09,1395.2,321.74,40.65
SUB-009,2024-12-14,139.82,190.84,15.43
SUB-026,2021-09-16,9243.44,419.22,3.96
SUB-003,2023-09-08,5513.95,266.28,32.8
SUB-041,2020-10-08,8796.38,110.0,44.7
SUB-008,2024-02-20,5726.34,390.84,45.99
SUB-048,2023-07-15,4691.7,437.77,43.69
SUB-027,2020-06-10,2234.43,155.81,31.53
SUB-043,2023-11-22,683.25,443.7,34.03
