turbine_id,output_date,power_generated_mwh,grid_contribution_percent,downtime_hours
TURB-0046,2024-05-25,247.92,84.44,17.43
TURB-0025,2022-09-06,134.87,80.93,15.53
TURB-0008,2023-07-19,92.37,84.76,15.83
TURB-0011,2020-04-07,323.37,81.72,2.73
TURB-0041,2022-07-19,246.29,55.57,15.34
TURB-0042,2023-05-16,307.6,98.37,11.52
TURB-0030,2023-04-12,200.12,77.56,7.94
TURB-0030,2020-02-03,398.47,72.54,5.34
TURB-0041,2020-03-19,315.57,73.99,14.65
TURB-0032,2021-08-14,265.68,67.47,19.94
TURB-0040,2022-07-14,96.37,62.7,12.58
TURB-0031,2022-12-22,499.69,74.44,16.21
TURB-0020,2021-02-06,138.72,52.47,12.69
TURB-0050,2020-01-29,103.01,70.31,1.42
TURB-0014,2023-05-05,267.09,71.45,9.96
TURB-0009,2024-07-12,413.42,84.48,16.86
TURB-0001,2024-03-15,371.31,64.19,10.99
TURB-0002,2021-01-07,196.38,62.31,8.96
TURB-0038,2020-09-30,32.31,67.15,8.68
TURB-0039,2023-04-08,64.82,64.57,3.41
TURB-0009,2022-08-02,33.76,73.55,4.89
TURB-0043,2023-07-28,230.55,63.6,1.8
TURB-0038,2023-04-17,498.48,50.14,17.51
TURB-0019,2022-08-13,208.34,52.48,17.33
TURB-0004,2020-11-30,57.83,80.04,6.04
TURB-0024,2022-12-27,346.76,69.57,3.67
TURB-0046,2021-05-01,19.26,98.34,14.58
TURB-0041,2024-10-17,200.77,91.67,3.77
TURB-0048,2023-01-01,308.37,65.78,10.66
TURB-0007,2020-12-05,400.51,72.12,15.85
TURB-0032,2022-08-21,254.39,52.48,10.83
TURB-0006,2022-06-26,75.5,91.06,15.77
TURB-0009,2024-12-04,450.56,95.12,14.0
TURB-0033,2024-11-28,375.38,99.51,10.11
TURB-0002,2020-02-07,55.29,78.05,12.97
TURB-0041,2024-07-31,431.37,60.99,6.42
TURB-0007,2021-04-15,171.0,65.95,12.12
TURB-0035,2022-01-31,472.83,80.51,10.78
TURB-0025,2021-05-10,472.3,60.27,1.78
TURB-0014,2022-12-18,326.87,68.01,11.08
TURB-0015,2022-01-16,486.07,51.33,18.23
TURB-0014,2020-12-18,9.17,66.89,14.99
TURB-0034,2022-09-02,264.57,70.8,17.06
TURB-0031,2021-06-23,415.89,60.32,18.56
TURB-0025,2021-04-17,294.02,86.85,6.39
TURB-0010,2023-09-05,305.69,97.38,6.0
TURB-0013,2021-12-11,473.92,60.1,15.11
TURB-0015,2024-04-12,97.25,63.25,4.74
TURB-0007,2021-01-31,36.8,82.16,16.98
TURB-0004,2024-10-21,188.64,69.64,5.13
TURB-0027,2024-11-07,467.22,84.6,19.83
TURB-0037,2022-09-24,269.11,50.7,12.45
TURB-0036,2021-07-26,198.85,75.5,13.73
TURB-0031,2023-02-27,123.95,81.66,9.22
TURB-0033,2022-05-09,156.87,82.12,10.66
TURB-0040,2022-09-10,69.69,67.57,13.51
TURB-0023,2021-12-22,115.6,94.54,2.39
TURB-0034,2024-04-22,220.17,50.43,12.01
TURB-0048,2021-02-15,410.09,82.46,9.64
TURB-0005,2020-12-01,69.31,85.95,12.24
TURB-0034,2023-07-30,280.77,74.87,13.47
TURB-0012,2022-12-03,363.93,71.13,17.38
TURB-0045,2024-08-17,365.12,65.35,11.23
TURB-0048,2020-06-26,267.59,68.43,3.22
TURB-0038,2020-05-29,119.05,55.03,6.6
TURB-0021,2022-05-11,431.98,58.89,6.42
TURB-0048,2021-02-20,279.2,90.35,2.78
TURB-0029,2023-11-04,179.18,65.55,17.1
TURB-0030,2020-01-07,229.34,64.99,12.65
TURB-0035,2020-10-22,299.47,51.52,19.72
TURB-0034,2023-07-01,234.24,90.4,14.7
TURB-0026,2023-10-01,134.13,50.84,2.56
TURB-0050,2024-11-04,284.77,62.94,15.43
TURB-0042,2021-07-09,453.46,62.24,18.13
TURB-0015,2024-01-30,251.84,89.8,13.57
TURB-0037,2021-03-19,455.09,83.92,17.87
TURB-0032,2021-03-01,321.9,88.12,14.86
TURB-0050,2021-07-26,191.82,62.01,8.43
TURB-0023,2020-04-12,274.23,82.55,12.42
TURB-0031,2023-07-19,471.4,96.97,18.58
TURB-0028,2022-02-17,253.84,51.2,2.2
TURB-0037,2022-11-10,14.91,97.12,4.48
TURB-0049,2024-12-21,280.62,69.86,14.98
TURB-0036,2023-03-06,170.73,58.36,2.42
TURB-0042,2024-07-06,488.08,85.17,11.14
TURB-0041,2023-09-21,382.66,84.52,5.02
TURB-0028,2023-02-10,57.56,78.89,3.23
TURB-0033,2024-06-13,65.89,84.78,7.03
TURB-0048,2024-05-17,110.57,58.67,7.2
TURB-0044,2020-10-26,297.26,91.98,4.95
TURB-0035,2020-08-15,53.31,70.78,10.11
TURB-0009,2024-11-18,9.3,88.2,2.05
TURB-0014,2022-08-06,217.67,87.26,12.82
TURB-0009,2021-12-22,447.84,91.7,14.2
TURB-0015,2021-05-08,432.31,84.09,15.0
TURB-0037,2024-01-17,221.53,55.71,17.5
TURB-0012,2020-03-01,464.09,52.9,0.5
TURB-0049,2024-07-09,430.37,92.24,11.66
TURB-0038,2022-04-01,429.11,74.31,1.1
TURB-0032,2020-04-20,271.91,79.24,18.1
TURB-0020,2021-07-07,123.12,74.23,18.85
TURB-0037,2024-09-27,67.0,74.77,1.74
TURB-0004,2024-03-01,379.93,86.42,10.54
TURB-0022,2024-01-05,368.01,57.09,9.16
TURB-0018,2021-11-04,373.49,95.48,4.83
TURB-0034,2021-07-27,46.55,50.5,18.44
TURB-0021,2024-09-21,412.45,53.33,0.57
TURB-0028,2024-08-28,371.16,95.14,15.72
TURB-0006,2020-05-08,340.16,64.46,8.83
TURB-0047,2022-09-13,247.24,93.31,1.93
TURB-0023,2022-09-03,487.19,65.69,5.41
TURB-0042,2024-04-13,371.34,79.55,6.08
TURB-0021,2024-09-30,379.18,74.73,5.68
TURB-0033,2020-06-10,68.79,96.95,5.81
TURB-0032,2023-09-27,275.12,72.96,19.34
TURB-0035,2023-08-31,202.81,67.72,15.44
TURB-0030,2024-07-19,482.93,67.64,16.42
TURB-0041,2022-12-15,182.69,98.27,12.98
TURB-0002,2021-09-02,206.18,75.74,4.89
TURB-0044,2024-04-08,136.56,50.85,3.45
TURB-0010,2020-12-01,371.82,55.98,4.15
TURB-0043,2021-03-08,294.73,98.44,2.28
TURB-0020,2024-05-01,340.5,59.02,9.59
TURB-0017,2022-12-25,462.35,69.91,2.0
TURB-0049,2021-07-21,174.56,61.65,4.27
TURB-0018,2023-12-25,47.42,93.2,9.31
TURB-0024,2021-10-29,456.04,63.78,4.6
TURB-0012,2020-09-19,201.93,64.9,18.74
TURB-0008,2023-11-09,239.86,97.08,15.75
TURB-0050,2022-10-05,294.32,50.35,6.57
TURB-0014,2020-06-16,152.83,52.39,4.89
TURB-0005,2024-09-16,404.38,58.53,15.74
TURB-0001,2022-08-30,197.9,98.23,2.99
TURB-0029,2022-08-15,407.82,66.03,10.18
TURB-0046,2020-07-29,271.09,73.34,17.53
TURB-0011,2021-11-28,418.81,52.75,15.26
TURB-0015,2021-11-07,384.89,98.5,13.9
TURB-0040,2022-06-25,258.34,87.29,16.14
TURB-0022,2020-02-04,198.16,83.03,8.96
TURB-0040,2022-01-16,194.15,83.05,14.41
TURB-0005,2024-07-08,314.7,75.56,2.83
TURB-0008,2023-12-10,446.22,74.45,13.98
TURB-0040,2020-05-23,386.39,95.89,19.33
TURB-0045,2020-12-27,416.61,78.86,8.29
TURB-0016,2023-02-17,8.32,50.83,15.03
TURB-0050,2023-09-24,15.43,74.19,7.5
TURB-0049,2023-05-23,369.86,99.91,10.28
TURB-0007,2024-08-16,401.62,89.18,7.67
TURB-0048,2020-06-05,412.59,72.53,14.8
TURB-0046,2023-10-24,226.61,51.48,5.64
TURB-0029,2021-02-05,323.2,69.14,18.14
TURB-0036,2020-12-12,289.54,95.44,11.93
TURB-0004,2020-04-25,256.56,50.61,4.24
TURB-0012,2020-04-19,133.8,85.46,14.38
TURB-0043,2022-07-22,471.26,59.35,3.75
TURB-0029,2024-05-25,478.46,59.69,12.1
TURB-0017,2021-05-20,489.91,79.17,1.23
TURB-0006,2020-06-25,331.0,60.44,13.45
TURB-0007,2024-09-06,49.02,83.55,2.63
TURB-0026,2022-12-09,111.06,73.99,7.99
TURB-0046,2021-12-12,472.33,67.94,14.49
TURB-0049,2020-06-30,406.31,56.85,2.55
TURB-0032,2022-09-10,71.37,94.61,4.99
TURB-0028,2022-12-07,166.61,79.38,10.86
TURB-0014,2020-09-05,402.09,91.2,12.77
TURB-0012,2022-07-31,6.44,77.54,2.54
TURB-0026,2022-10-08,376.4,96.29,18.34
TURB-0008,2020-12-03,34.69,86.77,18.17
TURB-0038,2024-08-12,161.91,65.82,15.96
TURB-0024,2023-04-19,174.76,94.66,8.8
TURB-0023,2021-10-18,373.49,93.0,9.25
TURB-0003,2021-03-01,155.19,55.93,17.77
TURB-0036,2022-02-20,148.28,91.48,19.13
TURB-0048,2022-07-09,351.66,98.15,14.32
TURB-0003,2023-11-07,31.8,58.14,14.96
TURB-0004,2022-07-31,38.28,81.16,14.95
TURB-0038,2024-07-03,71.78,72.83,7.68
TURB-0012,2023-05-03,179.63,75.46,16.78
TURB-0049,2024-08-15,200.37,90.21,12.62
TURB-0007,2021-02-01,30.25,77.93,4.67
TURB-0022,2020-05-20,330.91,80.69,11.98
TURB-0036,2022-10-08,205.88,74.63,10.78
TURB-0039,2022-04-27,37.95,58.76,10.06
TURB-0003,2020-01-23,364.37,58.1,11.87
TURB-0032,2021-08-14,108.83,56.28,19.1
TURB-0016,2024-03-21,399.52,86.5,0.88
TURB-0009,2021-09-28,105.48,88.79,10.2
TURB-0031,2023-08-11,443.21,70.49,4.99
TURB-0007,2024-06-16,64.09,53.89,13.52
TURB-0024,2020-09-05,399.81,98.2,4.65
TURB-0046,2022-04-25,51.29,62.68,8.59
TURB-0031,2024-07-13,390.45,77.74,6.33
TURB-0009,2023-03-19,451.76,52.39,17.7
TURB-0005,2024-04-12,367.65,74.12,9.62
TURB-0017,2023-05-27,335.96,52.81,5.82
TURB-0049,2020-03-02,329.25,85.48,18.21
TURB-0021,2023-02-12,46.74,66.04,19.43
TURB-0017,2022-02-11,100.7,77.03,12.46
TURB-0023,2024-04-02,343.69,70.79,5.95
TURB-0048,2022-05-03,385.67,78.77,1.52
TURB-0045,2024-11-15,157.58,86.16,12.71
TURB-0010,2024-09-02,267.59,84.26,14.77
TURB-0040,2021-08-18,172.94,51.22,0.41
TURB-0033,2023-12-09,45.17,89.53,13.09
TURB-0020,2023-12-24,81.07,67.84,16.93
TURB-0004,2023-01-31,449.99,86.02,5.84
TURB-0020,2021-09-17,421.66,81.69,1.91
TURB-0022,2022-10-16,361.48,78.54,18.32
TURB-0001,2023-09-07,191.85,98.65,6.87
TURB-0037,2022-07-23,113.88,50.9,12.95
TURB-0025,2024-01-10,79.63,82.49,10.85
TURB-0024,2021-04-28,260.92,59.1,10.48
TURB-0019,2023-11-07,285.58,66.84,3.92
TURB-0035,2024-04-01,245.23,59.79,14.56
TURB-0029,2024-02-22,351.05,83.53,4.63
TURB-0004,2022-12-03,186.13,75.95,6.99
TURB-0004,2022-07-27,357.83,58.34,3.51
TURB-0039,2023-07-23,247.56,72.11,3.94
TURB-0035,2021-06-12,426.75,72.04,8.36
TURB-0044,2022-05-12,72.63,99.37,10.41
TURB-0046,2023-10-03,127.16,67.85,2.48
TURB-0032,2023-11-11,186.31,64.64,19.23
TURB-0021,2022-11-06,438.36,74.52,5.9
TURB-0045,2021-11-17,76.11,63.97,16.65
TURB-0001,2021-06-14,208.1,87.84,7.0
TURB-0048,2022-04-24,457.68,64.66,12.99
TURB-0004,2022-02-11,93.28,88.37,5.39
TURB-0002,2024-02-17,111.02,74.24,1.09
TURB-0005,2024-03-18,467.64,56.98,16.45
TURB-0015,2023-01-16,158.32,91.84,19.37
TURB-0006,2021-01-11,108.61,76.69,15.64
TURB-0045,2022-03-06,208.32,88.46,16.64
TURB-0018,2021-08-14,270.59,88.89,3.07
TURB-0038,2022-07-12,90.55,65.7,14.14
TURB-0001,2024-01-15,91.81,83.9,9.33
TURB-0023,2021-05-16,410.21,60.1,9.02
TURB-0023,2021-05-21,69.31,99.5,0.42
TURB-0013,2023-04-18,132.56,99.01,1.99
TURB-0050,2023-09-27,51.1,92.4,6.79
TURB-0043,2023-12-28,367.69,68.79,9.38
TURB-0048,2023-07-14,62.63,77.34,16.08
TURB-0006,2022-09-10,356.58,65.61,5.84
TURB-0022,2021-05-28,63.69,76.74,0.54
TURB-0047,2024-03-10,88.06,95.07,15.13
TURB-0013,2020-02-12,34.66,87.53,0.68
TURB-0025,2023-04-08,166.47,65.3,1.98
TURB-0035,2021-06-24,165.19,64.61,9.28
TURB-0024,2023-06-01,81.97,94.48,3.48
TURB-0022,2023-01-22,102.38,67.82,14.48
TURB-0048,2021-07-10,396.11,51.19,8.84
TURB-0013,2021-05-06,82.55,94.84,2.5
TURB-0048,2023-06-15,213.67,55.91,9.59
TURB-0044,2020-06-03,29.95,81.38,3.8
TURB-0010,2024-03-02,355.25,51.63,1.42
TURB-0024,2024-10-26,251.89,70.16,3.52
TURB-0035,2020-11-27,80.05,51.7,19.96
TURB-0021,2022-06-03,47.84,52.25,19.48
TURB-0039,2020-02-13,94.95,94.6,4.06
TURB-0021,2022-08-18,341.04,90.04,13.96
TURB-0013,2023-09-18,208.14,56.55,3.99
TURB-0046,2023-08-08,255.11,58.91,7.87
TURB-0014,2020-05-17,459.75,52.2,11.46
TURB-0010,2022-07-14,481.32,98.47,2.13
TURB-0041,2021-06-21,239.07,95.86,10.63
TURB-0034,2020-01-01,85.11,90.65,13.79
TURB-0004,2024-07-11,92.57,67.56,2.61
TURB-0020,2022-11-19,408.14,82.5,6.12
TURB-0021,2020-04-20,420.23,99.12,6.23
TURB-0028,2023-05-27,73.61,50.91,5.21
TURB-0030,2021-03-26,113.19,77.62,3.7
TURB-0024,2022-09-13,489.87,84.23,0.45
TURB-0017,2020-01-31,233.74,88.17,3.56
TURB-0005,2021-03-22,80.33,56.02,1.03
TURB-0048,2022-08-26,430.59,72.31,10.12
TURB-0027,2024-10-05,154.73,97.9,10.59
TURB-0012,2021-11-11,276.18,82.75,19.29
TURB-0020,2022-07-14,497.76,73.89,4.36
TURB-0035,2023-05-27,126.69,62.36,15.09
TURB-0034,2021-02-25,451.32,50.1,13.39
TURB-0047,2020-04-25,109.85,79.84,4.16
TURB-0023,2020-02-15,473.04,75.44,7.25
TURB-0041,2022-05-16,487.57,93.57,4.33
TURB-0011,2021-06-15,449.79,94.98,11.55
TURB-0012,2020-07-30,243.32,88.23,16.47
TURB-0023,2020-03-31,22.77,54.83,13.5
TURB-0048,2023-10-12,339.39,96.88,12.13
TURB-0033,2023-04-24,235.09,51.36,17.75
TURB-0016,2020-05-22,114.7,68.83,7.27
TURB-0017,2021-01-24,310.22,73.98,8.62
TURB-0038,2020-08-31,198.67,58.8,9.49
TURB-0046,2021-08-16,70.27,74.58,2.28
TURB-0011,2021-11-22,145.01,77.86,8.4
TURB-0043,2022-01-08,204.74,60.8,13.84
TURB-0050,2023-09-17,201.91,51.25,3.59
TURB-0011,2023-12-18,275.32,55.28,6.98
TURB-0029,2021-03-11,356.05,66.68,7.2
TURB-0042,2024-09-16,431.74,93.33,0.06
TURB-0050,2024-07-17,149.19,51.85,5.06
TURB-0043,2021-01-13,80.21,50.18,19.61
TURB-0006,2024-07-25,283.95,96.1,1.41
TURB-0028,2020-10-28,315.98,65.29,1.45
TURB-0046,2020-02-27,381.49,89.23,5.33
TURB-0023,2023-12-24,175.81,90.08,9.79
TURB-0031,2021-07-20,65.43,72.21,8.12
TURB-0009,2021-05-29,111.82,51.91,17.02
TURB-0030,2021-07-07,315.13,52.59,13.67
TURB-0032,2023-08-10,218.1,77.18,0.19
TURB-0009,2024-01-24,167.1,68.84,0.57
TURB-0014,2024-05-20,169.71,64.98,0.22
TURB-0016,2022-06-19,481.82,74.56,15.93
TURB-0048,2024-11-11,54.53,75.05,19.84
TURB-0033,2021-03-27,416.49,61.12,6.79
TURB-0048,2022-09-22,100.2,98.84,9.62
TURB-0038,2020-12-14,352.58,87.06,1.65
TURB-0028,2024-01-30,100.47,58.92,8.63
TURB-0036,2021-09-09,16.38,53.05,12.52
TURB-0046,2021-12-29,277.75,77.35,7.72
TURB-0010,2024-06-14,367.61,81.55,1.43
TURB-0013,2021-05-11,103.32,82.63,3.23
TURB-0046,2024-05-01,211.46,94.14,2.86
TURB-0011,2020-06-27,433.04,73.27,19.79
TURB-0022,2020-10-13,424.91,63.11,4.1
TURB-0004,2021-04-05,209.4,84.12,10.57
TURB-0038,2021-01-19,467.98,81.37,18.21
TURB-0031,2021-02-19,206.56,85.34,8.42
TURB-0007,2023-07-11,456.1,80.56,12.42
TURB-0017,2023-03-31,257.38,77.58,2.31
TURB-0049,2020-01-12,118.49,82.0,6.25
TURB-0038,2021-02-08,305.18,95.06,18.19
TURB-0047,2024-11-14,154.29,99.37,16.12
TURB-0030,2021-10-21,16.74,62.45,10.85
TURB-0035,2024-03-01,4.17,67.79,13.15
TURB-0003,2021-04-16,134.93,95.04,8.2
TURB-0044,2024-04-12,434.96,64.49,11.99
TURB-0044,2022-04-23,111.72,82.83,13.5
TURB-0011,2021-12-12,22.64,84.94,3.3
TURB-0007,2022-12-14,109.09,52.87,19.3
TURB-0023,2022-10-21,170.61,94.95,9.86
TURB-0040,2021-06-16,449.56,52.17,8.77
TURB-0040,2021-07-02,478.72,79.14,19.78
TURB-0043,2022-10-07,265.8,50.29,17.27
TURB-0016,2022-06-27,179.09,76.13,8.0
TURB-0045,2020-10-25,231.19,83.24,9.59
TURB-0003,2022-01-06,62.23,56.02,0.26
TURB-0018,2022-02-17,264.65,67.32,10.73
TURB-0041,2023-10-21,56.4,57.12,7.91
TURB-0026,2020-06-26,273.38,94.91,10.23
TURB-0044,2021-10-15,489.82,59.26,18.35
TURB-0040,2024-05-02,358.74,83.44,11.75
TURB-0013,2022-09-16,421.96,94.27,0.22
TURB-0031,2023-11-15,305.28,79.3,8.94
TURB-0005,2024-01-24,329.12,52.1,17.16
TURB-0023,2022-01-24,29.58,81.04,2.08
TURB-0013,2022-12-25,443.89,85.69,13.11
TURB-0035,2023-04-14,227.28,69.22,14.83
TURB-0036,2022-04-09,283.67,81.35,8.51
TURB-0021,2024-07-07,111.29,68.01,17.86
TURB-0005,2020-05-11,309.19,63.35,1.04
TURB-0013,2022-05-14,401.94,59.9,5.5
TURB-0041,2023-03-21,369.55,72.14,14.23
TURB-0044,2022-04-30,186.9,93.81,18.17
TURB-0034,2020-01-09,153.62,57.02,0.64
TURB-0034,2022-11-29,270.39,60.29,3.09
TURB-0010,2023-10-28,32.84,98.91,5.64
TURB-0043,2024-07-22,111.86,76.61,0.88
TURB-0006,2021-09-02,168.67,51.27,7.13
TURB-0046,2024-09-07,98.71,82.28,12.71
TURB-0031,2024-06-17,141.75,73.9,17.99
TURB-0050,2020-02-24,485.92,96.73,3.44
TURB-0021,2023-05-10,13.3,99.25,11.92
TURB-0014,2022-06-13,367.37,68.29,12.54
TURB-0018,2022-07-20,430.59,77.07,10.9
TURB-0011,2021-03-11,412.63,78.93,15.64
TURB-0050,2021-11-06,57.08,83.24,7.92
TURB-0028,2021-06-13,292.88,79.8,9.81
TURB-0034,2022-11-25,477.98,66.64,16.19
TURB-0014,2023-07-24,215.77,90.25,6.68
TURB-0016,2021-08-05,341.8,67.48,2.47
TURB-0009,2024-07-09,3.15,50.24,7.58
TURB-0023,2021-07-24,97.01,63.9,2.45
TURB-0024,2024-05-25,331.88,67.72,1.05
TURB-0001,2022-06-14,366.22,66.18,2.42
TURB-0046,2022-03-21,470.81,55.95,7.61
TURB-0035,2024-06-17,139.2,52.6,0.9
TURB-0006,2023-05-07,60.44,60.31,10.99
TURB-0010,2020-08-31,163.7,70.44,6.92
TURB-0007,2021-12-21,212.39,98.48,14.49
TURB-0022,2023-04-30,253.07,73.87,17.37
TURB-0041,2022-06-07,494.06,53.48,7.38
TURB-0038,2020-10-10,419.35,86.28,1.78
TURB-0021,2022-12-20,92.6,74.94,5.31
TURB-0031,2020-08-20,51.36,71.74,17.72
TURB-0030,2021-12-04,145.93,85.31,17.09
TURB-0029,2020-02-06,107.45,74.27,18.23
TURB-0042,2021-03-30,380.51,64.45,11.68
TURB-0014,2020-02-18,337.15,50.05,17.45
TURB-0041,2021-10-10,153.35,97.66,18.37
TURB-0022,2020-10-26,262.16,67.63,9.06
TURB-0035,2023-04-29,305.6,55.8,10.46
TURB-0006,2024-05-29,137.15,50.9,10.26
TURB-0041,2022-06-03,437.78,73.7,2.42
TURB-0013,2020-07-15,57.08,59.23,8.36
TURB-0028,2020-11-17,167.04,81.45,0.4
TURB-0042,2024-04-09,17.3,95.54,11.8
TURB-0046,2023-03-25,61.62,86.07,8.9
TURB-0036,2022-10-03,272.55,88.09,12.62
TURB-0004,2021-02-05,155.63,64.42,18.98
TURB-0040,2020-08-25,413.97,90.21,8.58
TURB-0032,2021-11-16,478.12,96.86,0.15
TURB-0023,2023-09-24,447.35,56.36,18.72
TURB-0021,2020-05-21,167.86,62.68,3.65
TURB-0003,2021-10-15,43.77,74.57,18.9
TURB-0024,2022-03-06,212.46,64.01,9.41
TURB-0049,2021-07-05,382.41,71.21,12.25
TURB-0050,2022-06-21,437.34,93.66,4.55
TURB-0049,2023-06-18,111.67,64.57,9.17
TURB-0022,2024-07-19,102.43,83.44,10.76
TURB-0045,2021-10-01,14.2,87.27,8.45
TURB-0008,2024-04-12,81.35,81.71,13.31
TURB-0004,2022-07-01,188.26,89.84,3.87
TURB-0045,2024-02-07,212.48,67.17,1.84
TURB-0021,2024-09-13,244.48,79.44,16.6
TURB-0050,2024-12-26,390.35,51.0,8.28
TURB-0004,2020-02-07,403.62,60.91,3.56
TURB-0048,2021-10-03,365.28,92.1,15.57
TURB-0009,2022-03-08,347.33,95.14,17.04
TURB-0019,2024-10-30,75.77,76.76,0.02
TURB-0015,2024-06-17,419.93,50.67,4.7
TURB-0020,2020-09-25,317.63,59.01,18.0
TURB-0039,2024-10-18,272.64,92.57,4.11
TURB-0014,2022-01-23,406.89,74.91,15.27
TURB-0014,2020-08-31,191.73,89.6,11.41
TURB-0046,2022-08-29,279.88,66.14,11.47
TURB-0037,2021-09-30,35.22,63.83,14.0
TURB-0020,2023-12-15,154.87,58.37,11.39
TURB-0015,2023-06-28,298.04,50.46,3.8
TURB-0050,2024-09-12,217.66,58.92,16.05
TURB-0016,2020-06-10,272.32,88.34,6.58
TURB-0005,2020-11-23,441.52,80.0,14.26
TURB-0045,2023-12-12,364.59,54.15,3.49
TURB-0050,2023-06-08,478.4,94.37,15.64
TURB-0017,2024-10-27,131.43,78.73,2.05
TURB-0047,2021-10-26,440.4,87.57,2.67
TURB-0050,2024-09-16,462.55,61.21,9.69
TURB-0007,2020-09-09,449.88,73.16,11.92
TURB-0029,2021-09-03,345.2,85.45,16.84
TURB-0016,2023-06-03,58.7,50.55,12.38
TURB-0017,2024-09-04,117.37,69.09,8.94
TURB-0010,2024-05-24,416.09,72.08,9.49
TURB-0014,2022-11-22,328.33,55.92,9.71
TURB-0037,2022-11-26,217.07,58.66,3.04
TURB-0035,2024-10-26,485.94,54.8,10.08
TURB-0007,2020-05-15,374.89,52.25,10.2
TURB-0006,2023-10-21,417.97,54.32,7.27
TURB-0034,2022-12-21,207.21,92.74,0.46
TURB-0032,2024-05-01,284.71,96.1,0.29
TURB-0016,2024-07-15,402.76,86.41,9.58
TURB-0023,2020-01-18,274.9,89.7,8.74
TURB-0031,2023-07-18,380.22,90.73,14.1
TURB-0047,2021-11-05,274.18,59.24,10.53
TURB-0038,2022-12-22,239.13,64.99,3.36
TURB-0016,2024-11-21,439.42,64.3,2.55
TURB-0035,2021-10-22,315.39,91.94,15.52
TURB-0023,2022-12-23,26.06,75.38,14.11
TURB-0005,2023-05-20,192.81,65.68,14.16
TURB-0029,2023-04-14,233.7,55.39,8.82
TURB-0025,2021-08-21,482.93,96.85,6.36
TURB-0004,2021-09-16,112.23,64.65,18.82
TURB-0037,2021-08-18,476.02,54.58,17.25
TURB-0008,2021-06-25,396.11,72.78,18.46
TURB-0039,2020-07-26,374.46,79.23,15.47
TURB-0034,2023-10-29,171.28,97.22,5.94
TURB-0030,2023-02-01,324.3,60.04,11.4
TURB-0015,2024-10-13,50.87,60.93,4.39
TURB-0012,2020-04-27,336.04,89.86,0.3
TURB-0027,2022-02-25,130.85,88.9,8.82
TURB-0043,2021-09-14,192.95,66.52,5.46
TURB-0028,2024-05-20,324.18,69.1,10.62
TURB-0040,2020-10-20,176.39,54.79,1.53
TURB-0014,2020-02-10,380.29,94.26,14.55
TURB-0049,2023-05-26,157.99,85.48,15.93
TURB-0017,2024-08-04,284.82,87.53,11.08
TURB-0016,2021-04-06,149.85,63.08,2.07
TURB-0043,2022-09-15,368.15,74.76,10.09
TURB-0001,2021-08-30,101.62,54.16,15.83
TURB-0046,2021-08-31,217.36,54.64,0.24
TURB-0025,2023-11-18,196.09,71.32,11.06
TURB-0013,2021-04-28,231.61,76.07,14.96
TURB-0038,2022-07-10,33.55,72.43,8.22
TURB-0017,2024-07-08,481.19,80.56,10.29
TURB-0012,2021-07-27,158.97,80.37,15.61
TURB-0042,2023-03-09,187.44,59.82,18.18
TURB-0009,2023-09-13,358.27,87.78,12.94
TURB-0016,2024-02-06,111.08,91.74,19.37
TURB-0024,2021-12-05,478.61,50.86,8.99
TURB-0049,2020-11-16,49.16,91.4,12.45
TURB-0004,2020-07-13,150.63,95.0,10.03
TURB-0048,2022-12-31,420.05,98.52,9.4
TURB-0047,2023-04-14,63.21,58.49,15.58
TURB-0040,2022-07-03,475.13,88.27,3.91
TURB-0019,2022-04-21,150.4,80.88,18.67
TURB-0037,2024-10-06,254.03,88.4,7.55
TURB-0026,2021-05-24,168.28,78.33,0.97
TURB-0037,2023-03-31,400.89,67.81,16.26
TURB-0005,2024-03-10,83.39,56.71,18.57
TURB-0001,2024-03-11,372.41,91.34,4.73
TURB-0034,2024-10-28,380.62,76.65,18.79
TURB-0032,2020-07-17,45.63,67.87,8.26
TURB-0021,2021-10-02,1.97,60.52,2.07
TURB-0025,2024-02-23,169.45,65.83,9.59
TURB-0018,2020-12-21,73.45,84.09,2.92
TURB-0005,2020-11-28,203.88,51.66,2.23
TURB-0002,2024-01-05,370.24,59.49,15.29
TURB-0022,2022-08-22,95.73,81.83,7.53
TURB-0014,2020-09-05,169.35,81.4,4.07
TURB-0022,2020-02-26,93.01,68.81,13.98
TURB-0015,2021-07-16,399.51,62.4,7.18
TURB-0033,2020-10-16,282.17,86.19,0.6
TURB-0020,2023-01-09,239.91,84.56,2.77
TURB-0019,2022-04-12,182.77,90.33,13.41
TURB-0031,2024-03-10,137.47,97.23,9.41
TURB-0029,2024-04-29,1.78,91.97,14.3
TURB-0044,2023-09-14,212.55,64.71,13.82
TURB-0026,2022-01-11,84.1,84.3,19.0
TURB-0026,2020-12-19,90.22,57.48,8.84
TURB-0030,2022-08-22,181.96,85.33,19.38
TURB-0038,2022-02-03,24.8,77.71,12.87
TURB-0037,2023-05-23,33.42,69.73,11.98
TURB-0046,2022-02-14,119.21,87.49,0.35
TURB-0038,2023-06-26,490.91,50.59,11.17
TURB-0009,2024-05-17,457.33,65.14,7.12
TURB-0036,2021-06-22,214.0,52.49,15.51
TURB-0047,2020-03-26,458.3,78.83,12.54
TURB-0023,2022-04-17,385.48,86.8,8.07
TURB-0025,2022-09-04,243.63,79.5,10.12
TURB-0023,2020-09-26,377.4,93.47,11.69
TURB-0046,2020-06-05,247.02,79.06,9.02
TURB-0049,2024-09-15,347.46,97.76,7.76
TURB-0014,2023-08-20,430.15,93.35,9.77
TURB-0016,2024-08-28,4.24,76.64,9.57
TURB-0010,2021-01-22,327.22,64.86,4.53
TURB-0030,2021-06-17,441.4,91.67,16.45
TURB-0011,2020-08-18,74.59,73.4,18.38
TURB-0012,2023-04-16,112.05,96.81,12.67
TURB-0028,2024-01-27,379.31,81.63,12.7
TURB-0029,2022-07-03,197.48,53.52,17.81
TURB-0006,2023-12-29,375.21,59.83,1.77
TURB-0001,2020-06-28,121.26,57.63,9.86
TURB-0032,2023-05-16,106.76,89.26,9.31
TURB-0022,2021-11-29,46.55,93.24,4.88
TURB-0026,2024-07-26,305.18,74.38,3.15
TURB-0010,2021-09-20,178.39,83.97,7.18
TURB-0047,2022-11-20,381.8,50.03,17.82
TURB-0025,2024-09-18,76.12,65.77,10.76
TURB-0029,2020-05-05,203.33,74.96,15.07
TURB-0007,2024-08-05,387.09,82.99,6.67
TURB-0022,2020-07-29,129.37,76.21,12.42
TURB-0002,2020-11-17,440.78,91.42,3.96
TURB-0002,2022-02-02,267.74,69.35,12.53
TURB-0008,2023-04-17,375.27,63.15,1.44
TURB-0025,2022-12-23,2.95,54.96,13.98
TURB-0028,2020-07-19,322.03,74.48,16.73
TURB-0034,2021-07-11,154.73,50.06,7.72
TURB-0032,2020-03-29,18.43,69.6,9.17
TURB-0033,2022-09-10,33.25,84.51,10.98
TURB-0009,2024-04-11,74.22,89.42,9.76
TURB-0005,2022-04-22,119.91,57.5,6.22
TURB-0010,2021-03-22,155.67,54.71,4.26
TURB-0048,2021-05-09,33.66,70.72,5.03
TURB-0001,2023-03-14,341.48,59.32,16.53
TURB-0029,2024-09-25,235.51,81.82,14.71
TURB-0017,2020-05-08,338.16,58.6,12.6
TURB-0025,2024-04-29,166.35,63.54,5.09
TURB-0047,2020-09-20,419.39,97.96,14.8
TURB-0027,2023-04-02,159.19,61.05,16.85
TURB-0017,2021-09-18,57.11,58.82,6.56
TURB-0005,2024-04-08,54.21,85.83,8.9
TURB-0040,2021-06-12,387.92,95.5,18.6
TURB-0025,2020-05-30,261.36,97.93,5.22
TURB-0036,2020-08-22,251.09,69.99,4.13
TURB-0008,2023-09-15,332.38,90.34,19.17
TURB-0035,2022-11-12,111.12,54.35,5.38
TURB-0040,2022-07-13,1.39,74.37,2.99
TURB-0004,2020-04-28,135.66,55.41,10.9
TURB-0043,2022-05-09,292.45,98.94,15.32
TURB-0021,2023-09-17,87.49,75.09,6.49
TURB-0007,2021-12-17,41.15,52.82,18.34
TURB-0041,2021-03-17,190.79,62.59,2.31
TURB-0004,2021-03-26,481.16,77.62,14.1
TURB-0031,2021-01-24,437.65,75.77,2.75
TURB-0030,2023-05-22,194.22,89.11,10.51
TURB-0011,2023-01-29,226.63,54.69,6.66
TURB-0020,2021-03-06,286.61,58.65,19.31
TURB-0039,2024-04-20,457.53,98.86,8.2
TURB-0025,2024-12-08,171.19,60.15,9.13
TURB-0020,2024-05-17,335.59,81.61,0.31
TURB-0019,2020-07-23,218.16,80.02,1.5
TURB-0010,2021-01-17,115.36,51.11,13.91
TURB-0011,2024-06-07,42.45,59.86,8.59
TURB-0025,2021-06-20,1.89,57.51,8.78
TURB-0008,2020-03-15,60.9,84.4,10.75
TURB-0012,2022-10-23,465.56,75.94,18.46
TURB-0016,2021-08-23,495.05,96.21,9.16
TURB-0004,2023-07-05,5.43,59.5,1.53
TURB-0043,2021-09-12,438.07,67.49,11.2
TURB-0040,2023-07-02,463.06,62.17,3.94
TURB-0016,2021-01-27,56.01,97.37,8.74
TURB-0015,2022-02-14,347.78,74.29,18.52
TURB-0023,2024-12-06,168.93,85.77,19.21
TURB-0003,2021-12-11,190.39,56.71,5.02
TURB-0033,2021-04-02,400.57,87.4,14.12
TURB-0049,2021-01-17,134.35,99.73,14.33
TURB-0036,2022-11-17,479.07,63.61,19.92
TURB-0004,2020-02-14,51.51,94.07,0.26
TURB-0013,2022-09-22,67.11,82.59,5.51
TURB-0024,2021-08-02,249.52,99.34,1.03
TURB-0014,2024-05-03,277.35,73.56,2.77
TURB-0002,2024-03-29,76.52,85.85,11.67
TURB-0014,2021-10-13,96.32,87.48,12.84
TURB-0040,2021-02-18,193.27,64.93,18.85
TURB-0036,2022-06-22,74.86,58.8,1.91
TURB-0028,2020-01-08,357.17,90.26,15.9
TURB-0004,2022-11-20,315.59,71.35,12.98
TURB-0011,2023-12-02,225.85,71.22,5.77
TURB-0027,2020-04-29,142.6,99.51,7.86
TURB-0023,2023-02-04,24.78,81.69,17.86
TURB-0042,2023-07-07,158.26,58.58,17.71
TURB-0020,2024-12-20,456.9,50.54,8.95
TURB-0021,2020-12-07,147.65,76.22,9.44
TURB-0041,2020-08-31,499.8,69.76,19.59
TURB-0042,2022-04-25,116.63,58.69,15.88
TURB-0043,2023-04-26,147.61,72.91,9.82
TURB-0004,2020-10-28,474.81,94.0,13.67
TURB-0024,2022-09-17,339.53,73.19,12.6
TURB-0034,2020-11-21,485.26,77.5,0.09
TURB-0037,2022-07-03,271.38,99.13,12.04
TURB-0030,2023-04-08,393.09,53.9,15.57
TURB-0046,2022-05-12,339.63,81.16,18.83
TURB-0006,2020-03-03,408.49,63.81,4.62
TURB-0005,2021-07-12,469.49,51.96,4.42
TURB-0019,2024-06-21,279.1,90.48,5.57
TURB-0036,2020-11-22,310.09,65.42,7.57
TURB-0003,2024-11-04,13.95,71.8,9.46
TURB-0023,2023-07-08,19.14,81.44,9.5
TURB-0050,2022-10-10,255.75,85.63,13.62
TURB-0049,2023-10-28,337.63,58.61,5.11
TURB-0011,2022-08-02,403.17,70.05,9.56
TURB-0010,2023-07-05,362.58,93.9,4.72
TURB-0023,2024-11-15,136.6,61.81,4.96
TURB-0006,2020-02-12,270.51,58.92,9.19
TURB-0036,2022-03-04,268.54,90.91,12.51
TURB-0030,2021-05-09,173.22,74.82,0.33
TURB-0044,2022-08-31,78.21,84.26,13.54
TURB-0009,2023-04-12,343.73,63.35,9.15
TURB-0009,2024-02-27,117.26,92.07,11.04
TURB-0024,2022-07-27,118.9,76.24,18.12
TURB-0011,2024-02-08,262.52,52.35,14.41
TURB-0042,2020-12-13,96.59,95.26,18.72
TURB-0005,2024-05-26,218.43,72.26,0.45
TURB-0010,2024-04-18,467.08,64.52,13.54
TURB-0004,2020-06-21,442.62,90.01,7.48
TURB-0003,2021-02-21,107.22,50.51,5.73
TURB-0014,2023-01-31,470.83,93.12,5.15
TURB-0007,2022-05-07,479.21,93.25,0.19
TURB-0023,2024-07-06,51.59,90.65,15.27
TURB-0014,2022-01-26,244.77,78.44,12.14
TURB-0007,2024-04-09,116.04,80.22,0.74
TURB-0009,2021-08-09,471.36,75.32,10.01
TURB-0013,2021-01-22,23.65,80.51,12.6
TURB-0039,2023-11-24,330.05,88.61,8.68
TURB-0035,2020-08-18,291.68,88.74,12.41
TURB-0048,2020-03-26,65.4,56.93,7.52
TURB-0006,2022-12-05,403.04,80.83,2.17
TURB-0046,2023-09-22,32.52,73.44,0.79
TURB-0003,2022-06-01,126.31,74.11,0.9
TURB-0037,2020-03-13,185.32,64.54,7.2
TURB-0028,2020-07-22,257.52,81.85,17.8
TURB-0026,2020-11-28,295.89,56.83,16.64
TURB-0047,2021-05-19,192.91,65.8,10.82
TURB-0018,2022-12-03,439.44,98.68,19.96
TURB-0008,2024-01-16,116.61,86.36,18.61
TURB-0030,2023-11-04,66.71,96.54,3.02
TURB-0019,2024-12-24,224.03,68.51,0.99
TURB-0018,2022-06-22,170.73,53.02,9.81
TURB-0033,2021-04-24,5.85,64.66,15.04
TURB-0033,2024-02-06,169.07,98.77,1.46
TURB-0046,2023-01-10,360.67,51.98,10.36
TURB-0049,2022-10-04,322.58,70.36,19.5
TURB-0013,2024-04-02,10.87,87.26,1.44
TURB-0040,2024-03-04,302.06,87.11,4.72
TURB-0019,2024-12-03,271.87,64.06,9.78
TURB-0011,2022-10-27,297.1,76.95,1.0
TURB-0026,2024-06-03,273.14,83.72,15.7
TURB-0014,2022-01-01,79.89,90.45,13.91
TURB-0028,2024-04-14,337.06,52.53,6.73
TURB-0013,2021-09-18,279.36,81.23,1.1
TURB-0036,2020-08-04,224.48,87.89,2.48
TURB-0046,2022-02-07,48.25,50.24,14.49
TURB-0014,2022-11-26,380.13,54.07,10.2
TURB-0034,2023-05-25,167.71,77.32,19.73
TURB-0004,2023-07-12,84.46,65.37,19.05
TURB-0049,2021-01-08,158.15,68.19,14.72
TURB-0009,2021-09-09,36.87,74.35,6.97
TURB-0047,2022-11-17,352.89,96.25,0.26
TURB-0036,2021-05-23,389.83,80.69,15.97
TURB-0031,2024-02-11,350.11,78.8,8.27
TURB-0042,2022-04-21,475.75,52.17,17.83
TURB-0025,2023-01-02,291.21,79.64,18.85
TURB-0017,2020-09-05,113.3,86.09,17.48
TURB-0018,2023-12-16,444.19,64.0,18.85
TURB-0027,2024-12-19,478.46,70.94,19.46
TURB-0049,2021-04-18,383.45,94.65,16.31
TURB-0007,2022-12-15,105.35,57.25,5.71
TURB-0008,2024-03-26,207.45,99.31,5.44
TURB-0049,2021-03-19,485.89,82.03,11.6
TURB-0038,2020-01-22,245.95,52.97,16.6
TURB-0031,2020-12-19,451.7,79.48,19.27
TURB-0046,2023-04-10,18.02,87.1,18.91
TURB-0023,2024-04-07,147.52,80.52,16.32
TURB-0034,2021-04-27,367.22,54.98,9.27
TURB-0004,2022-05-23,99.6,94.13,8.03
TURB-0042,2024-12-10,491.63,92.95,18.07
TURB-0018,2021-05-23,197.44,81.78,14.62
TURB-0033,2022-10-11,406.45,59.85,7.76
TURB-0036,2022-02-17,91.73,67.0,14.53
TURB-0045,2024-10-02,482.6,89.7,15.83
TURB-0001,2020-03-12,177.08,59.51,0.91
TURB-0041,2024-07-06,31.36,88.16,6.16
TURB-0021,2024-04-06,291.57,81.07,11.68
TURB-0014,2024-08-20,177.4,59.24,15.88
TURB-0003,2024-03-03,375.82,87.26,5.69
TURB-0046,2023-05-15,494.97,68.64,13.8
TURB-0044,2022-05-21,36.22,63.19,5.48
TURB-0046,2023-09-04,280.3,98.13,2.55
TURB-0045,2020-04-14,71.08,62.02,8.73
TURB-0002,2020-07-09,340.96,91.15,13.8
TURB-0046,2020-05-13,190.31,66.81,19.8
TURB-0034,2021-05-21,82.3,58.07,9.43
TURB-0050,2024-08-14,280.17,86.93,15.88
TURB-0038,2023-09-17,271.08,55.15,13.26
TURB-0007,2023-02-04,319.1,83.76,10.83
TURB-0003,2022-04-26,297.08,97.54,3.92
TURB-0030,2023-01-08,18.69,71.92,3.32
TURB-0005,2023-06-11,137.94,70.72,18.2
TURB-0040,2022-08-12,156.04,87.05,6.5
TURB-0047,2022-08-19,163.96,62.57,15.65
TURB-0003,2022-08-31,244.2,63.79,5.19
TURB-0030,2021-09-25,324.99,92.62,1.66
TURB-0013,2021-08-13,375.99,90.84,9.02
TURB-0010,2020-05-05,128.84,50.32,10.5
TURB-0013,2020-05-28,499.39,78.12,15.76
TURB-0048,2023-07-03,445.52,68.97,14.24
TURB-0003,2020-12-05,446.72,55.59,12.51
TURB-0003,2024-05-09,191.02,55.38,19.43
TURB-0038,2021-03-27,474.09,56.04,3.19
TURB-0033,2023-09-30,164.9,71.9,5.78
TURB-0015,2023-12-21,79.04,68.09,15.8
TURB-0025,2020-08-22,89.22,93.5,18.25
TURB-0039,2020-05-13,326.72,71.77,13.73
TURB-0043,2024-03-05,481.43,54.15,6.81
TURB-0032,2020-07-21,462.18,53.5,13.23
TURB-0033,2020-10-10,457.11,57.61,5.92
TURB-0020,2020-12-02,298.26,80.31,1.61
TURB-0005,2024-01-19,39.48,90.45,18.85
TURB-0026,2024-02-07,400.42,76.39,0.66
TURB-0020,2022-10-15,114.14,80.9,0.75
TURB-0007,2024-03-21,218.77,52.16,13.02
TURB-0012,2020-03-25,117.9,54.11,14.91
TURB-0012,2024-02-07,133.52,63.48,17.13
TURB-0004,2022-01-17,390.83,92.6,0.69
TURB-0039,2021-07-28,134.8,95.58,2.5
TURB-0048,2022-12-03,385.74,60.67,13.08
TURB-0033,2022-11-29,495.03,64.45,12.38
TURB-0039,2021-08-14,130.0,91.97,19.94
TURB-0027,2024-08-31,37.96,76.43,3.18
TURB-0044,2021-12-16,280.47,80.2,15.39
TURB-0009,2023-01-16,382.57,81.67,7.94
TURB-0032,2021-10-16,255.65,61.73,8.05
TURB-0010,2020-01-29,459.48,61.25,9.55
TURB-0010,2023-10-14,480.75,58.76,13.41
TURB-0002,2023-05-21,209.45,70.22,6.16
TURB-0042,2021-04-07,56.83,61.23,6.42
TURB-0015,2024-02-08,160.75,58.25,19.87
TURB-0049,2021-01-24,55.86,88.98,2.31
TURB-0018,2020-04-30,211.38,90.18,17.3
TURB-0045,2021-01-06,337.5,87.0,13.84
TURB-0029,2021-03-16,154.69,86.26,8.21
TURB-0039,2022-12-10,431.37,70.02,7.02
TURB-0049,2022-02-12,336.88,96.26,12.29
TURB-0020,2021-07-08,435.76,73.46,19.08
TURB-0008,2020-01-16,350.75,54.52,14.02
TURB-0023,2023-09-21,253.28,68.78,0.63
TURB-0022,2024-10-26,178.9,55.11,18.49
TURB-0006,2023-04-19,285.99,55.14,14.24
TURB-0004,2022-12-08,245.79,67.11,9.18
TURB-0028,2024-12-16,368.43,56.72,2.01
TURB-0011,2023-12-31,303.53,87.55,6.09
TURB-0044,2021-12-11,267.27,51.74,15.93
TURB-0017,2020-03-30,139.39,67.36,0.12
TURB-0018,2023-03-16,21.8,71.19,7.67
TURB-0039,2024-08-01,496.46,55.61,1.19
TURB-0015,2024-01-01,193.08,55.09,1.91
TURB-0049,2022-05-17,154.93,93.89,19.87
TURB-0022,2021-01-01,50.72,80.96,11.76
TURB-0009,2021-10-07,368.15,67.15,13.45
TURB-0044,2020-02-02,71.93,87.88,8.33
TURB-0031,2023-01-13,383.26,99.77,0.81
TURB-0034,2023-01-01,55.13,73.3,6.42
TURB-0007,2022-12-27,174.92,94.38,14.88
TURB-0026,2023-04-17,332.91,68.86,7.31
TURB-0050,2021-06-18,415.1,88.57,14.1
TURB-0001,2022-10-21,400.78,54.7,18.3
TURB-0039,2021-08-10,238.81,62.77,15.61
TURB-0048,2020-02-01,275.71,64.66,2.42
TURB-0038,2021-10-09,72.83,66.28,6.75
TURB-0040,2022-01-16,377.25,76.56,2.03
TURB-0003,2020-05-31,266.99,97.79,12.3
TURB-0044,2023-12-20,349.71,59.08,1.84
TURB-0004,2024-05-26,277.84,97.37,2.04
TURB-0002,2021-02-21,379.07,64.75,14.35
TURB-0011,2021-08-22,320.33,68.19,0.37
TURB-0018,2024-03-27,420.08,53.1,15.36
TURB-0012,2023-11-06,125.3,71.81,16.53
TURB-0007,2020-10-04,214.56,50.97,17.5
TURB-0040,2021-05-27,325.24,51.05,1.1
TURB-0021,2023-08-13,427.59,80.54,4.9
TURB-0034,2023-04-09,267.19,99.86,3.35
TURB-0018,2024-08-01,169.75,50.59,6.47
TURB-0025,2021-09-08,334.01,90.62,3.56
TURB-0005,2020-01-26,52.21,68.42,17.78
TURB-0004,2024-05-21,25.7,72.72,8.0
TURB-0009,2023-09-08,142.45,57.55,0.24
TURB-0024,2022-04-13,252.37,70.28,7.73
TURB-0013,2021-08-18,22.9,63.38,17.21
TURB-0004,2023-02-08,261.66,78.93,18.33
TURB-0046,2022-09-20,204.64,78.61,10.16
TURB-0001,2020-06-21,83.38,81.41,7.76
TURB-0035,2023-02-17,183.15,72.72,14.95
TURB-0033,2023-06-08,395.39,91.89,13.98
TURB-0006,2024-11-15,130.05,62.79,12.01
TURB-0012,2023-07-02,48.7,82.47,16.5
TURB-0037,2023-06-14,489.85,63.38,8.77
TURB-0004,2024-05-04,47.33,67.11,17.98
TURB-0002,2023-10-04,78.66,88.5,2.94
TURB-0019,2024-01-08,226.09,89.61,5.75
TURB-0019,2021-05-01,405.46,62.07,16.98
TURB-0019,2021-03-21,283.74,96.8,13.57
TURB-0015,2024-03-08,384.38,81.49,0.03
TURB-0050,2023-05-28,44.2,58.24,8.23
TURB-0045,2020-10-03,153.49,66.42,6.67
TURB-0010,2020-05-04,298.67,59.63,10.24
TURB-0037,2020-07-18,30.89,55.58,1.01
TURB-0002,2020-08-03,19.4,88.9,4.64
TURB-0048,2024-04-02,21.32,98.91,11.61
TURB-0043,2023-06-21,482.23,91.37,9.61
TURB-0039,2024-03-31,237.51,63.53,11.11
TURB-0027,2024-03-12,81.29,79.16,12.6
TURB-0017,2020-01-17,145.82,79.66,15.58
TURB-0001,2024-11-27,100.11,51.94,12.69
TURB-0013,2022-01-25,69.1,89.12,1.36
TURB-0016,2021-02-04,298.09,85.98,19.19
TURB-0035,2021-03-02,469.06,52.83,11.07
TURB-0024,2020-11-12,394.65,72.39,2.36
TURB-0019,2022-08-07,341.94,70.86,0.45
TURB-0025,2024-05-26,492.62,88.76,13.57
TURB-0049,2022-11-02,189.34,80.29,1.26
TURB-0020,2024-04-04,210.47,75.32,9.85
TURB-0014,2021-01-30,169.41,94.67,16.45
TURB-0012,2022-08-13,134.73,59.86,1.49
TURB-0047,2020-05-08,178.14,85.38,6.98
TURB-0049,2020-11-17,449.23,51.06,11.69
TURB-0021,2023-05-06,118.78,85.39,7.96
TURB-0012,2024-02-03,116.37,71.77,5.04
TURB-0048,2024-08-15,366.36,85.15,13.78
TURB-0046,2020-04-07,325.06,73.17,18.6
TURB-0041,2024-11-16,231.27,93.51,15.2
TURB-0039,2023-12-15,385.99,76.81,0.68
TURB-0028,2024-07-05,324.71,89.04,6.27
TURB-0009,2023-07-04,149.14,67.93,0.03
TURB-0034,2021-04-28,26.24,84.52,4.91
TURB-0031,2020-05-13,156.08,68.5,5.18
TURB-0014,2023-04-29,403.93,55.29,19.84
TURB-0046,2020-02-03,254.46,92.67,9.65
TURB-0033,2021-11-25,451.21,63.36,11.29
TURB-0047,2021-07-13,213.77,58.6,18.59
TURB-0021,2021-06-11,354.9,80.12,10.06
TURB-0050,2021-08-28,391.08,93.39,8.88
TURB-0019,2023-12-31,45.96,85.16,14.46
TURB-0035,2023-12-29,183.94,51.34,16.88
TURB-0009,2021-07-25,222.86,57.9,4.32
TURB-0033,2021-06-26,32.43,70.06,10.75
TURB-0026,2023-04-23,267.99,64.59,15.82
TURB-0044,2022-01-08,12.16,74.59,10.81
TURB-0011,2020-01-30,452.45,55.09,6.88
TURB-0049,2022-01-27,99.96,84.87,13.63
TURB-0031,2021-06-10,482.83,93.57,7.04
TURB-0047,2021-12-06,257.44,57.02,15.71
TURB-0023,2020-12-15,499.51,96.75,19.86
TURB-0028,2024-05-28,395.84,80.87,11.36
TURB-0033,2020-09-18,31.07,59.34,14.21
TURB-0049,2021-08-09,37.11,95.0,5.18
TURB-0004,2021-02-22,18.43,53.16,17.18
TURB-0006,2021-11-05,51.98,74.14,7.76
TURB-0012,2020-01-26,278.02,82.65,8.42
TURB-0024,2024-05-08,109.14,77.33,17.97
TURB-0035,2023-11-28,487.55,51.53,13.32
TURB-0007,2023-06-30,167.27,57.02,11.7
TURB-0015,2024-06-25,29.78,64.97,1.26
TURB-0043,2020-08-07,374.06,67.77,3.47
TURB-0038,2020-10-27,263.47,98.18,12.96
TURB-0006,2024-01-31,2.87,68.34,9.2
TURB-0005,2022-02-16,119.48,79.51,6.97
TURB-0020,2023-06-23,270.92,67.29,0.04
TURB-0035,2020-08-20,195.82,83.74,13.42
TURB-0047,2022-04-06,50.18,66.61,12.0
TURB-0026,2020-10-06,424.29,92.28,3.25
TURB-0037,2020-02-09,62.44,76.96,2.14
TURB-0028,2021-04-04,303.62,70.37,10.93
TURB-0021,2023-02-18,56.96,59.01,16.86
TURB-0007,2021-05-21,247.51,54.5,3.91
TURB-0042,2023-01-16,269.8,51.5,6.4
TURB-0012,2024-11-18,427.28,68.25,9.18
TURB-0007,2023-03-11,458.26,96.45,13.92
TURB-0036,2022-03-13,211.79,58.42,1.93
TURB-0005,2020-11-21,415.12,81.07,3.65
TURB-0016,2023-04-15,260.55,69.02,13.35
TURB-0041,2023-01-23,454.32,55.01,17.15
TURB-0020,2022-05-19,24.27,75.6,19.87
TURB-0020,2020-07-01,6.41,89.82,2.73
TURB-0007,2022-12-26,179.25,61.36,11.37
TURB-0044,2024-01-27,214.35,80.76,4.72
TURB-0005,2022-02-17,310.55,73.09,16.31
TURB-0041,2020-08-22,422.66,74.98,8.87
TURB-0005,2020-07-29,168.63,98.6,15.59
TURB-0010,2022-11-05,341.31,98.29,2.14
TURB-0029,2024-12-18,14.19,84.2,16.02
TURB-0004,2023-01-30,288.52,64.23,17.48
TURB-0026,2020-01-19,391.5,83.11,12.62
TURB-0032,2023-05-17,413.03,57.44,11.38
TURB-0036,2022-09-05,292.72,81.27,4.22
TURB-0003,2023-11-27,121.38,81.37,17.82
TURB-0014,2024-07-27,177.93,63.36,11.52
TURB-0022,2021-01-05,313.35,51.46,1.96
TURB-0021,2022-05-20,374.39,64.82,16.42
TURB-0040,2020-12-12,22.89,63.96,11.22
TURB-0019,2021-07-04,419.79,95.79,0.81
TURB-0008,2021-09-09,319.21,69.05,14.32
TURB-0004,2020-07-05,473.19,81.31,10.66
TURB-0005,2024-07-02,166.45,73.96,14.73
TURB-0007,2024-10-06,286.8,76.16,14.66
TURB-0021,2023-05-29,362.27,52.99,13.79
TURB-0023,2020-03-02,455.78,60.76,11.8
TURB-0028,2021-10-30,116.24,91.44,10.76
TURB-0020,2022-11-02,222.85,78.01,2.57
TURB-0019,2022-08-28,263.2,90.09,10.22
TURB-0013,2024-12-19,95.97,60.43,2.71
TURB-0022,2023-07-23,276.07,51.77,17.14
TURB-0009,2022-05-31,35.54,76.18,3.06
TURB-0012,2022-08-21,383.98,63.78,3.92
TURB-0045,2024-01-24,201.86,62.08,16.13
TURB-0049,2021-09-13,60.42,93.29,16.65
TURB-0046,2022-07-04,198.89,84.83,18.95
TURB-0011,2024-01-24,278.92,78.25,18.92
TURB-0032,2022-10-16,363.81,74.06,11.78
TURB-0031,2022-12-24,100.75,61.88,17.47
TURB-0004,2020-03-26,417.7,83.52,19.32
TURB-0047,2022-06-09,22.55,72.01,3.72
TURB-0015,2022-10-23,413.61,89.77,5.87
TURB-0024,2023-06-11,134.07,87.34,7.7
TURB-0009,2023-07-26,448.55,69.51,15.47
TURB-0003,2024-08-28,106.41,65.32,1.81
TURB-0041,2020-08-25,314.99,83.31,2.52
TURB-0027,2024-07-01,414.92,91.07,11.42
TURB-0008,2024-10-29,366.47,61.36,19.43
TURB-0044,2022-03-04,16.68,61.93,4.4
TURB-0014,2023-07-11,441.97,95.74,15.53
TURB-0011,2022-05-23,342.74,52.81,19.71
TURB-0001,2024-07-27,281.08,70.81,14.45
TURB-0046,2021-12-21,0.86,92.91,6.13
TURB-0012,2023-02-08,386.05,78.35,10.19
TURB-0039,2021-08-15,494.03,52.86,19.35
TURB-0029,2022-05-30,110.44,64.79,18.08
TURB-0023,2021-05-14,137.15,93.69,8.24
TURB-0027,2024-04-09,16.56,65.97,9.35
TURB-0003,2022-04-08,416.19,74.24,17.76
TURB-0010,2024-11-17,66.66,77.13,3.18
TURB-0014,2024-02-08,371.44,66.23,16.69
TURB-0011,2022-04-14,379.45,75.68,12.7
TURB-0022,2021-12-10,64.59,52.84,17.37
TURB-0003,2020-05-28,90.34,84.05,6.89
TURB-0049,2020-09-29,396.49,90.84,17.7
TURB-0020,2023-09-29,322.1,80.98,18.81
TURB-0009,2024-06-02,270.16,71.43,15.24
TURB-0043,2020-11-29,215.35,92.38,6.95
TURB-0039,2022-11-13,173.54,59.89,10.31
TURB-0013,2020-06-17,393.86,78.96,2.98
TURB-0031,2024-10-09,73.24,54.04,2.4
TURB-0045,2023-11-14,454.04,54.66,8.65
TURB-0006,2022-07-09,91.23,68.91,4.54
TURB-0017,2023-07-17,75.58,62.58,3.42
