locationid,date,temperaturecelsius,humiditypercent,windspeed_mps,precipitation_mm
LOC-016,2022-04-28,-11.18,41.37,15.59,35.61
LOC-029,2022-03-22,-1.54,48.63,7.26,152.33
LOC-029,2020-11-09,22.22,84.87,4.98,86.78
LOC-035,2023-02-14,13.13,23.88,9.93,189.04
LOC-005,2022-06-03,10.18,68.04,11.39,162.2
LOC-033,2024-07-25,-11.97,82.25,26.86,89.4
LOC-021,2020-07-30,-5.0,25.71,17.67,148.84
LOC-041,2023-09-25,16.97,89.11,12.98,155.67
LOC-034,2021-04-29,-6.07,41.07,6.55,31.71
LOC-013,2020-05-23,-11.98,74.6,9.18,83.4
LOC-044,2021-11-26,26.31,76.22,6.52,77.84
LOC-033,2023-07-03,14.27,41.44,14.06,148.63
LOC-038,2022-06-04,22.17,90.5,3.14,61.59
LOC-016,2022-12-29,43.67,83.15,3.19,137.17
LOC-048,2020-01-09,33.11,92.28,14.8,126.54
LOC-012,2022-09-05,38.77,33.26,27.24,135.66
LOC-014,2022-10-07,-7.85,28.1,3.95,195.63
LOC-022,2024-12-30,16.21,58.94,8.96,39.85
LOC-008,2022-12-03,-7.03,90.33,21.36,192.67
LOC-001,2021-03-06,18.67,74.46,18.77,7.34
LOC-034,2023-01-10,-10.93,38.96,6.01,142.62
LOC-032,2021-05-16,20.32,71.98,14.97,44.19
LOC-035,2021-01-17,0.57,80.34,17.15,25.6
LOC-012,2023-05-10,36.84,43.04,19.5,85.14
LOC-019,2022-02-10,3.57,20.62,20.28,57.59
LOC-008,2021-09-12,-2.54,23.97,18.49,186.89
LOC-030,2024-04-01,23.4,21.42,24.24,49.04
LOC-029,2020-04-03,-2.35,64.48,9.48,138.56
LOC-004,2022-04-03,32.73,43.98,6.64,76.71
LOC-008,2020-01-15,5.04,64.18,8.13,63.91
LOC-018,2023-07-24,-4.77,71.52,28.98,136.79
LOC-027,2022-04-02,-12.31,67.63,12.22,184.34
LOC-036,2021-04-01,9.47,92.53,28.66,45.82
LOC-038,2022-02-23,16.84,63.41,6.43,161.57
LOC-011,2022-02-03,9.05,95.87,28.47,72.21
LOC-016,2022-07-29,1.08,72.99,15.25,51.92
LOC-020,2022-04-15,28.16,68.46,16.48,13.54
LOC-026,2022-05-30,23.47,27.25,7.48,186.24
LOC-018,2023-07-06,12.75,37.59,17.45,80.09
LOC-025,2020-10-03,23.27,22.95,22.9,2.0
LOC-011,2023-11-29,30.15,74.6,16.67,34.46
LOC-042,2022-03-11,27.32,82.65,2.25,102.1
LOC-003,2021-03-29,-4.41,35.01,10.91,104.54
LOC-018,2022-07-07,2.03,87.66,10.31,38.12
LOC-045,2024-10-29,0.75,43.73,23.78,78.16
LOC-004,2024-05-21,25.7,88.12,23.19,51.73
LOC-023,2024-07-20,-4.4,64.4,7.46,179.93
LOC-020,2024-04-19,37.78,40.84,20.53,170.65
LOC-016,2021-05-22,39.72,76.0,21.93,45.06
LOC-014,2022-03-19,9.93,86.52,11.03,52.1
LOC-031,2022-04-10,-14.73,43.28,27.23,172.57
LOC-016,2023-10-31,-0.61,68.49,10.11,198.74
LOC-010,2021-04-06,-13.78,32.52,18.0,145.32
LOC-002,2021-05-13,2.26,80.74,9.47,161.94
LOC-002,2022-01-22,11.21,78.89,27.02,11.08
LOC-013,2024-10-26,-10.7,69.74,14.42,198.58
LOC-032,2023-12-19,-5.64,56.68,16.91,55.78
LOC-029,2020-06-28,34.71,60.78,12.67,180.17
LOC-015,2022-05-26,6.89,61.48,14.99,75.48
LOC-011,2024-06-06,18.2,88.3,8.73,102.44
LOC-044,2023-10-09,32.48,26.89,8.92,39.63
LOC-011,2021-12-31,38.52,55.29,6.76,57.47
LOC-032,2021-04-09,15.07,71.13,7.22,87.3
LOC-037,2024-08-29,41.43,70.76,3.32,20.98
LOC-005,2021-04-20,35.17,72.62,20.27,177.68
LOC-034,2021-06-27,1.19,34.44,29.99,32.63
LOC-012,2021-07-18,-3.74,93.75,27.62,114.29
LOC-008,2021-09-17,44.1,56.89,12.07,126.0
LOC-027,2020-05-08,-14.82,53.7,12.61,1.34
LOC-030,2020-04-19,27.67,28.56,15.79,2.33
LOC-037,2023-01-06,21.46,37.48,8.36,99.53
LOC-003,2022-12-12,11.16,60.89,3.08,27.98
LOC-032,2024-06-13,26.4,86.68,5.17,135.06
LOC-047,2021-05-15,6.7,20.65,19.71,89.98
LOC-039,2021-03-17,34.94,55.7,29.26,49.6
LOC-033,2023-04-13,44.76,40.4,7.75,114.28
LOC-035,2021-01-09,43.76,85.07,20.32,54.92
LOC-048,2024-09-26,-11.69,67.48,2.32,102.66
LOC-013,2020-07-05,40.94,53.02,25.0,16.33
LOC-034,2022-12-24,-8.59,68.68,11.84,152.65
LOC-044,2023-08-13,33.65,83.44,9.13,94.5
LOC-049,2020-01-10,42.66,50.56,9.35,131.28
LOC-047,2020-06-08,2.76,60.47,11.74,174.79
LOC-031,2022-07-01,40.5,47.91,7.9,170.55
LOC-015,2020-09-13,32.17,85.89,3.6,94.79
LOC-016,2021-12-28,-2.04,92.63,25.36,143.92
LOC-016,2024-03-13,2.06,53.28,22.1,40.77
LOC-041,2021-09-12,32.76,62.26,4.05,30.3
LOC-030,2023-12-19,19.59,87.16,9.02,97.79
LOC-034,2021-08-27,42.75,45.18,10.67,23.49
LOC-033,2021-07-02,43.35,80.63,5.71,82.16
LOC-038,2024-08-26,42.13,88.94,11.25,6.24
LOC-036,2020-05-13,14.13,96.79,1.07,80.28
LOC-035,2020-01-03,38.03,67.12,16.56,7.19
LOC-002,2024-02-12,42.21,82.15,14.09,155.6
LOC-045,2024-05-31,26.35,73.36,21.82,124.03
LOC-028,2023-01-25,27.32,76.62,16.72,30.52
LOC-032,2021-05-14,41.52,26.07,26.08,3.99
LOC-017,2024-08-21,13.44,42.65,23.4,174.75
LOC-001,2024-01-24,19.07,37.14,19.41,151.26
LOC-039,2021-12-14,-12.22,94.92,8.62,194.47
LOC-019,2023-07-28,43.27,35.39,11.31,110.34
LOC-023,2020-05-27,11.74,41.57,16.29,4.27
LOC-007,2023-05-22,-12.0,34.42,15.65,182.23
LOC-030,2023-04-18,2.63,92.94,12.29,64.74
LOC-017,2023-05-22,42.29,55.79,6.18,193.87
LOC-001,2022-09-22,-3.03,50.86,16.63,34.04
LOC-046,2024-03-28,-12.53,34.63,5.35,112.96
LOC-029,2021-09-01,7.72,51.54,26.7,5.32
LOC-011,2023-10-03,37.78,41.27,7.37,158.28
LOC-036,2022-05-23,18.03,48.92,3.79,194.87
LOC-022,2022-03-11,-10.82,31.18,18.82,190.82
LOC-013,2022-08-23,38.06,52.94,27.44,146.45
LOC-007,2021-04-16,9.21,25.9,11.54,178.06
LOC-037,2023-07-23,37.02,89.0,7.86,11.65
LOC-034,2021-06-26,-2.13,82.84,12.4,118.15
LOC-020,2023-05-20,14.41,80.25,21.99,43.91
LOC-006,2023-05-23,31.13,61.22,22.31,116.74
LOC-011,2021-03-18,3.07,46.95,8.37,102.51
LOC-002,2020-09-18,7.83,28.78,8.69,9.31
LOC-009,2020-02-28,12.1,99.01,21.66,112.79
LOC-001,2023-06-21,21.62,57.65,4.49,6.97
LOC-015,2023-11-03,-7.18,44.84,8.28,110.23
LOC-014,2020-03-04,7.73,48.54,18.71,155.49
LOC-013,2023-08-11,18.3,50.79,19.89,41.2
LOC-045,2022-05-04,37.83,31.72,10.49,50.54
LOC-022,2024-06-21,42.89,33.88,2.72,91.35
LOC-048,2021-05-27,-14.79,73.88,9.17,75.9
LOC-017,2023-03-20,15.41,65.52,2.12,165.44
LOC-034,2023-08-07,-14.26,47.35,25.13,16.8
LOC-006,2023-10-16,36.28,37.95,4.6,16.49
LOC-047,2020-04-22,-4.7,50.04,21.13,184.94
LOC-005,2024-01-10,10.43,66.42,20.97,99.75
LOC-017,2021-04-14,-2.27,99.87,23.55,176.29
LOC-036,2020-02-24,38.14,96.54,24.89,39.78
LOC-035,2024-02-24,2.54,99.56,11.28,71.06
LOC-029,2024-08-12,3.39,98.15,1.04,12.05
LOC-028,2020-02-15,12.69,47.67,14.28,135.67
LOC-040,2020-08-01,39.27,20.38,29.19,93.64
LOC-017,2024-05-03,41.11,46.48,20.06,155.04
LOC-003,2021-11-11,4.6,41.8,17.66,23.42
LOC-033,2023-10-11,40.18,77.13,15.59,122.29
LOC-016,2023-08-27,22.9,79.63,23.13,168.28
LOC-028,2020-04-06,38.63,95.67,1.13,145.02
LOC-025,2023-04-09,37.36,73.32,17.72,86.13
LOC-047,2023-03-21,42.2,35.98,25.18,158.84
LOC-033,2021-11-10,27.75,96.8,19.82,162.94
LOC-035,2022-02-18,-0.01,59.35,19.0,34.69
LOC-038,2023-01-01,-7.8,70.23,28.59,195.43
LOC-038,2021-10-29,44.03,91.41,20.07,74.76
LOC-004,2021-03-08,15.3,81.32,8.16,195.82
LOC-005,2022-09-17,11.46,44.87,16.3,49.23
LOC-030,2023-08-04,-11.64,31.28,3.03,97.9
LOC-018,2021-10-31,41.5,61.64,6.26,159.49
LOC-049,2021-05-07,8.66,76.13,14.21,23.62
LOC-024,2022-04-26,9.13,90.92,16.18,82.39
LOC-029,2022-09-16,-12.98,55.79,11.07,76.86
LOC-045,2020-01-01,2.43,50.86,2.41,0.31
LOC-017,2020-04-16,-3.03,72.35,19.37,76.99
LOC-019,2023-06-28,15.06,88.36,16.02,114.27
LOC-017,2023-11-02,15.88,25.53,15.77,116.33
LOC-032,2024-12-04,43.3,31.53,20.56,19.07
LOC-015,2022-09-21,3.59,60.74,15.64,129.92
LOC-008,2024-09-02,2.16,46.66,13.68,151.06
LOC-013,2021-07-18,-5.4,45.86,20.66,194.2
LOC-015,2022-03-16,37.76,29.44,29.45,78.96
LOC-030,2024-02-22,-8.13,92.86,4.69,7.08
LOC-039,2022-02-07,-10.17,80.88,16.04,136.17
LOC-033,2022-12-21,-3.22,60.08,9.57,118.62
LOC-038,2023-05-21,17.4,88.95,15.52,44.21
LOC-021,2023-08-19,-10.18,37.55,25.67,29.21
LOC-016,2021-12-31,12.28,88.84,12.95,100.12
LOC-006,2022-06-01,-3.39,53.34,10.14,47.64
LOC-047,2020-04-20,-9.45,50.16,23.08,28.61
LOC-037,2021-01-23,-8.58,67.09,17.73,93.66
LOC-030,2023-10-29,11.81,94.97,8.79,101.09
LOC-002,2024-01-02,21.41,74.15,5.28,194.71
LOC-035,2020-04-12,7.53,83.17,28.22,31.17
LOC-007,2021-12-17,42.29,29.41,6.06,197.08
LOC-022,2020-06-23,-13.08,53.05,14.8,65.68
LOC-019,2023-05-04,-7.27,26.13,20.47,147.01
LOC-028,2023-06-17,34.81,28.46,8.09,116.04
LOC-003,2020-06-06,-8.92,50.3,13.99,104.77
LOC-047,2022-08-11,27.61,98.42,6.56,190.1
LOC-015,2020-08-21,17.15,43.49,28.47,46.97
LOC-042,2022-02-19,37.79,26.68,29.75,161.84
LOC-034,2021-04-07,7.89,84.8,19.23,100.91
LOC-028,2022-05-02,15.89,61.2,2.98,14.9
LOC-035,2023-09-22,37.1,31.95,15.37,49.34
LOC-010,2024-01-04,-6.04,98.2,20.76,174.24
LOC-049,2020-05-05,18.39,72.14,7.44,164.43
LOC-025,2024-01-03,25.81,72.28,10.25,44.97
LOC-023,2024-05-04,22.0,74.53,16.81,148.55
LOC-028,2024-01-03,33.66,50.56,2.68,180.62
LOC-026,2020-03-02,-0.43,58.52,7.54,193.24
LOC-043,2020-08-25,-13.27,33.49,1.21,138.98
LOC-038,2022-09-08,15.81,51.93,7.41,44.09
LOC-048,2021-10-23,-12.84,65.87,20.17,62.54
LOC-031,2024-08-30,13.15,45.51,17.68,72.15
LOC-046,2023-11-06,8.73,69.82,19.33,143.73
LOC-004,2023-05-25,37.71,90.08,10.64,11.12
LOC-033,2024-04-07,21.2,99.26,24.3,88.0
LOC-041,2021-06-05,20.95,97.38,2.67,141.26
LOC-039,2024-01-22,-9.23,76.13,21.75,84.02
LOC-036,2022-07-26,18.39,25.93,3.45,131.35
LOC-007,2021-04-11,37.3,92.43,23.25,42.8
LOC-036,2023-09-24,15.34,56.63,9.01,82.15
LOC-043,2023-02-20,33.91,37.23,20.88,77.79
LOC-045,2024-06-13,-7.48,63.0,28.44,73.38
LOC-021,2021-10-05,41.52,77.51,18.43,78.31
LOC-040,2020-01-09,-4.55,53.95,5.77,94.99
LOC-024,2021-09-27,26.46,36.99,25.04,39.66
LOC-004,2020-07-03,-1.37,50.5,8.09,143.4
LOC-012,2024-05-04,-5.52,74.78,5.7,4.09
LOC-028,2022-09-28,-11.57,45.51,12.09,5.86
LOC-048,2024-09-27,7.18,53.52,16.22,20.6
LOC-009,2022-07-24,-1.62,38.1,7.84,55.56
LOC-016,2020-01-30,-3.54,51.78,4.24,49.02
LOC-049,2024-02-23,20.96,46.3,29.13,33.85
LOC-039,2022-02-16,36.7,85.37,7.46,33.41
LOC-005,2024-12-16,39.72,60.95,19.18,94.26
LOC-039,2024-01-01,15.62,52.97,3.28,2.59
LOC-030,2024-06-07,11.91,61.47,17.99,111.39
LOC-042,2022-06-18,21.47,44.12,9.57,65.35
LOC-027,2023-12-05,26.06,88.5,1.4,89.24
LOC-027,2021-09-13,-5.07,87.38,17.21,47.0
LOC-040,2024-04-07,-12.06,74.42,11.77,163.18
LOC-040,2024-06-08,9.68,86.03,12.1,68.76
LOC-035,2023-12-27,28.83,37.39,28.03,134.06
LOC-021,2020-04-07,-3.89,68.67,6.39,37.66
LOC-038,2022-01-27,16.53,92.53,24.5,147.88
LOC-024,2020-12-19,10.28,89.12,20.97,152.06
LOC-006,2020-09-04,20.18,85.52,8.42,142.97
LOC-048,2023-09-23,32.77,57.19,3.24,183.77
LOC-026,2020-04-15,28.09,56.97,24.69,147.17
LOC-017,2023-03-19,12.44,33.03,10.81,36.7
LOC-030,2024-04-22,10.42,33.01,6.93,82.56
LOC-035,2020-10-29,-7.17,33.48,8.53,118.06
LOC-014,2021-06-17,9.91,93.99,20.25,58.69
LOC-003,2021-11-27,28.61,73.4,8.56,97.54
LOC-048,2021-05-08,16.97,69.55,6.61,9.32
LOC-030,2022-03-21,-2.65,69.77,24.78,33.45
LOC-028,2024-11-19,24.03,24.35,10.83,160.2
LOC-002,2021-10-08,28.76,58.62,12.78,36.37
LOC-020,2020-10-30,-14.57,54.8,15.16,166.67
LOC-010,2021-03-10,-9.4,74.51,6.28,111.59
LOC-036,2022-01-16,2.49,39.01,12.69,143.42
LOC-022,2021-12-06,-14.4,83.88,29.67,151.39
LOC-039,2024-03-04,38.28,21.52,9.21,83.81
LOC-043,2023-07-03,19.87,36.62,17.46,140.57
LOC-034,2024-05-08,-14.68,84.25,15.51,50.59
LOC-046,2023-10-24,3.53,37.4,7.63,136.95
LOC-031,2024-02-28,-5.95,35.17,28.45,84.08
LOC-045,2021-09-07,27.95,46.68,2.33,20.38
LOC-031,2022-06-06,8.59,86.15,15.5,87.71
LOC-006,2021-08-30,44.43,56.94,6.45,80.94
LOC-034,2022-06-03,-1.34,58.13,28.36,197.5
LOC-035,2024-05-11,23.48,88.13,15.08,135.15
LOC-024,2020-03-01,-8.23,36.81,19.14,10.41
LOC-043,2020-12-21,43.62,86.07,15.18,55.45
LOC-028,2020-08-11,0.94,62.85,5.65,71.88
LOC-049,2022-07-30,0.14,43.61,20.06,93.29
LOC-045,2021-06-23,-5.25,51.16,12.33,63.68
LOC-037,2024-09-15,-0.9,97.78,6.45,125.8
LOC-028,2020-05-20,41.21,31.87,12.52,5.07
LOC-039,2023-02-12,30.88,64.7,23.78,79.23
LOC-021,2020-05-02,40.46,20.67,7.22,162.85
LOC-038,2022-08-30,36.91,77.86,23.41,86.59
LOC-008,2020-04-14,-13.43,71.26,13.03,148.49
LOC-005,2022-12-28,32.18,63.56,11.81,74.33
LOC-001,2022-07-22,17.09,68.23,29.02,194.59
LOC-020,2021-09-29,-10.88,45.82,20.16,140.25
LOC-020,2020-06-10,38.25,42.21,24.28,12.74
LOC-001,2020-02-25,11.05,77.9,6.98,86.46
LOC-038,2021-05-15,31.45,51.16,9.66,126.1
LOC-010,2021-09-22,-14.62,49.1,17.2,163.45
LOC-004,2021-02-01,-6.8,30.19,22.08,160.91
LOC-022,2020-11-26,28.48,75.46,12.1,64.64
LOC-030,2022-07-21,6.81,40.37,5.75,165.8
LOC-002,2020-05-23,34.8,38.65,22.91,101.51
LOC-026,2023-04-14,32.06,57.95,6.2,133.12
LOC-019,2022-03-20,-14.1,51.78,19.5,72.94
LOC-013,2021-02-06,-12.79,68.66,22.72,63.63
LOC-021,2021-05-02,-8.34,38.36,24.84,177.17
LOC-037,2023-10-03,-12.67,45.66,28.01,108.05
LOC-040,2021-02-14,-5.27,75.95,15.44,191.39
LOC-028,2022-11-18,-6.79,63.95,27.48,164.42
LOC-018,2024-05-16,21.02,23.17,6.79,141.15
LOC-033,2023-08-19,-12.3,79.44,6.66,142.57
LOC-018,2020-01-27,20.24,97.73,25.87,161.37
LOC-021,2024-05-18,18.19,48.64,18.26,194.36
LOC-010,2023-09-11,12.79,77.28,8.74,157.24
LOC-010,2024-06-15,13.64,88.14,25.11,64.98
LOC-003,2024-07-02,9.08,85.05,1.07,162.14
LOC-049,2021-09-17,-2.83,69.22,25.95,9.17
LOC-029,2021-11-29,-2.08,57.41,5.72,133.66
LOC-041,2021-11-27,-3.71,55.68,4.74,79.96
LOC-047,2020-09-28,23.04,43.86,15.8,88.24
LOC-045,2021-12-27,5.84,87.82,28.04,37.85
LOC-047,2021-12-03,2.28,83.57,27.37,115.85
LOC-002,2024-11-05,32.82,24.46,25.06,157.03
LOC-005,2024-09-17,37.4,41.24,7.58,173.84
LOC-028,2023-01-07,19.66,74.58,10.61,164.8
LOC-035,2021-04-21,30.94,73.49,16.95,16.52
LOC-015,2021-12-05,44.16,39.92,14.3,15.81
LOC-025,2021-12-18,37.53,22.77,25.43,21.76
LOC-021,2022-01-12,-2.72,36.35,23.78,186.13
LOC-030,2022-11-19,1.15,63.78,22.32,157.59
LOC-004,2021-03-01,35.94,95.02,13.22,51.05
LOC-032,2020-02-07,27.54,60.25,20.23,99.15
LOC-019,2023-09-01,12.7,86.55,4.52,24.54
LOC-025,2021-12-26,0.81,27.23,4.21,128.99
LOC-036,2024-06-20,12.48,40.4,2.36,167.99
LOC-038,2024-11-03,9.66,91.4,19.61,18.69
LOC-049,2023-04-03,30.53,56.57,11.32,110.44
LOC-010,2022-08-10,10.75,58.78,16.99,171.32
LOC-043,2024-03-14,-10.21,57.56,4.04,134.63
LOC-009,2021-07-05,38.21,50.0,9.21,110.83
LOC-002,2020-02-19,43.92,45.82,5.62,163.94
LOC-038,2020-08-31,-4.71,85.53,29.59,63.27
LOC-023,2020-07-25,-13.06,52.93,13.9,65.92
LOC-002,2022-01-17,25.08,28.15,28.77,176.13
LOC-037,2020-12-28,19.33,63.72,12.95,168.65
LOC-015,2020-04-26,8.65,77.67,10.43,84.91
LOC-020,2023-06-29,20.92,39.13,14.24,99.74
LOC-027,2023-07-09,-2.04,48.06,5.83,163.94
LOC-042,2023-05-21,-6.86,36.76,1.49,20.55
LOC-022,2020-01-30,-4.49,72.84,2.98,65.26
LOC-005,2022-08-13,37.55,83.67,1.08,153.94
LOC-020,2024-05-06,-12.14,35.16,2.4,16.9
LOC-045,2023-10-29,6.93,67.29,11.29,97.54
LOC-041,2024-01-26,22.73,61.81,11.55,174.12
LOC-032,2021-12-24,-10.79,60.88,20.11,167.32
LOC-012,2024-06-23,5.17,24.44,7.8,92.65
LOC-021,2022-06-25,25.01,38.61,27.69,114.12
LOC-016,2024-02-04,-3.91,20.6,22.74,194.1
LOC-027,2021-07-25,9.53,20.28,7.8,77.81
LOC-044,2021-04-23,17.51,82.15,25.86,142.36
LOC-006,2023-06-23,5.25,51.37,13.29,153.4
LOC-030,2020-07-19,28.81,39.02,11.76,167.89
LOC-044,2020-11-11,0.06,83.44,5.93,44.81
LOC-020,2023-03-20,32.41,78.85,9.84,52.58
LOC-003,2021-01-28,-3.26,92.59,23.52,89.05
LOC-011,2021-03-17,10.24,71.3,12.76,170.09
LOC-002,2024-07-21,41.34,46.73,26.82,63.7
LOC-040,2024-02-05,21.84,60.4,19.68,137.59
LOC-018,2024-07-07,35.89,53.75,10.28,16.58
LOC-043,2022-02-27,32.18,62.4,5.49,17.69
LOC-045,2021-12-20,10.28,95.38,12.7,79.53
LOC-001,2022-05-15,-8.46,22.74,14.66,14.88
LOC-023,2021-10-23,22.39,24.05,7.66,108.0
LOC-001,2022-07-19,31.13,30.41,12.42,83.56
LOC-001,2022-09-11,39.07,33.02,1.32,119.19
LOC-005,2020-04-01,-12.39,21.53,8.97,171.81
LOC-026,2022-07-07,-5.05,97.61,21.51,133.1
LOC-042,2023-06-13,37.21,41.3,22.91,174.05
LOC-027,2021-06-28,-6.67,63.57,7.71,42.08
LOC-029,2023-09-23,33.85,35.53,6.35,2.63
LOC-003,2021-04-08,44.5,71.35,5.85,117.22
LOC-036,2023-08-25,-4.43,87.98,10.35,176.93
LOC-027,2022-09-24,1.53,25.3,19.55,98.55
LOC-014,2022-06-03,-5.98,69.59,12.32,78.49
LOC-034,2020-06-09,17.6,84.44,17.73,177.16
LOC-029,2023-09-07,34.98,83.82,21.31,186.14
LOC-044,2021-01-18,-9.5,31.45,11.66,63.65
LOC-024,2021-08-14,-2.28,25.71,8.84,100.81
LOC-021,2023-03-11,10.68,83.96,27.94,23.7
LOC-038,2021-05-28,35.45,71.53,7.08,42.43
LOC-037,2024-01-04,39.04,87.65,6.42,18.43
LOC-023,2021-07-07,35.21,80.53,14.32,113.57
LOC-002,2021-04-17,-10.43,87.58,15.9,14.74
LOC-007,2023-03-04,40.34,43.41,4.03,99.27
LOC-020,2023-01-28,23.54,27.94,4.96,152.46
LOC-034,2020-11-09,42.95,90.5,21.28,150.62
LOC-026,2022-08-26,-4.93,60.25,13.5,36.21
LOC-017,2022-07-25,10.38,49.72,19.28,180.74
LOC-011,2024-03-13,5.66,85.84,15.47,72.59
LOC-027,2023-02-18,44.5,48.99,16.47,199.71
LOC-038,2024-05-10,7.83,20.12,8.28,36.49
LOC-036,2021-10-15,26.11,85.68,8.21,190.62
LOC-015,2022-02-10,39.76,70.56,19.2,19.56
LOC-006,2023-11-22,-3.11,57.18,11.71,5.39
LOC-012,2020-02-19,25.11,70.78,11.77,155.81
LOC-025,2024-06-08,42.52,95.63,1.21,135.6
LOC-038,2020-11-07,0.82,28.94,18.12,133.76
LOC-003,2024-04-21,12.93,23.65,14.48,117.89
LOC-040,2022-02-26,43.72,97.88,10.57,50.35
LOC-009,2024-07-01,23.9,44.33,25.68,22.13
LOC-007,2023-09-07,32.75,25.77,12.17,97.2
LOC-039,2023-05-13,19.96,54.4,8.51,27.06
LOC-032,2022-12-13,9.5,60.99,11.2,90.45
LOC-009,2023-08-01,-13.74,68.96,4.72,88.36
LOC-015,2022-08-15,42.77,34.13,13.99,12.9
LOC-048,2020-03-16,11.63,51.79,25.77,111.68
LOC-021,2023-03-10,14.14,23.54,10.43,167.43
LOC-038,2021-07-28,12.91,37.86,15.7,61.0
LOC-037,2020-05-10,10.93,47.82,29.43,78.73
LOC-030,2020-04-05,-3.88,37.92,17.68,132.55
LOC-023,2020-02-16,33.08,78.97,23.72,23.57
LOC-023,2024-01-30,13.35,81.36,16.63,191.73
LOC-015,2023-12-26,-9.02,99.16,7.34,84.7
LOC-040,2022-11-30,36.85,71.14,10.7,112.78
LOC-044,2023-02-25,4.56,54.7,22.8,156.06
LOC-029,2024-05-14,22.43,76.26,17.94,52.25
LOC-042,2021-11-07,8.21,25.11,26.88,54.56
LOC-038,2021-06-16,22.51,46.88,2.83,22.91
LOC-039,2021-08-14,0.85,47.19,17.16,4.41
LOC-046,2023-01-06,23.42,59.19,23.3,162.04
LOC-002,2020-11-25,37.69,98.8,10.29,53.25
LOC-012,2021-11-04,13.41,24.95,16.25,194.82
LOC-021,2020-10-27,0.43,43.55,16.85,45.23
LOC-038,2020-02-24,-14.4,64.85,13.29,113.72
LOC-021,2021-10-02,23.85,54.95,22.05,156.85
LOC-035,2021-07-19,40.3,88.4,6.04,5.17
LOC-041,2021-12-05,-7.73,21.92,6.05,11.87
LOC-035,2021-11-10,32.7,29.75,2.46,168.18
LOC-036,2020-10-16,12.32,23.97,15.34,188.48
LOC-037,2020-04-20,-11.48,52.02,11.9,84.1
LOC-033,2023-09-07,32.98,60.76,1.08,95.11
LOC-008,2023-03-19,-9.35,24.78,19.92,93.96
LOC-002,2021-10-05,34.45,33.75,26.26,31.25
LOC-021,2024-04-26,17.55,98.23,27.9,186.32
LOC-037,2020-06-07,25.43,42.15,21.67,75.5
LOC-039,2023-06-29,24.42,61.07,10.31,6.1
LOC-025,2024-06-12,31.37,43.52,26.22,76.27
LOC-031,2020-09-17,-6.28,79.36,3.19,173.98
LOC-021,2020-02-05,8.22,76.0,7.84,28.53
LOC-004,2021-11-11,31.79,22.72,8.55,171.04
LOC-048,2021-01-20,28.46,54.12,10.04,69.72
LOC-015,2023-12-31,19.93,91.39,5.99,141.48
LOC-039,2021-07-30,9.75,54.7,29.95,113.31
LOC-009,2020-07-27,11.47,26.68,18.82,188.32
LOC-046,2023-07-01,9.09,20.08,14.0,113.06
LOC-001,2022-08-05,13.87,25.28,27.35,10.69
LOC-035,2024-03-08,4.23,66.06,28.37,30.07
LOC-035,2021-02-24,-11.25,40.58,11.35,143.49
LOC-012,2021-06-29,17.94,21.15,1.27,54.62
LOC-036,2022-09-24,-2.41,74.47,10.65,151.89
LOC-009,2022-04-02,-4.47,91.54,29.73,198.2
LOC-013,2024-08-10,7.2,35.51,2.07,172.46
LOC-025,2024-10-31,2.15,84.64,1.53,113.94
LOC-046,2023-04-18,27.04,67.35,20.45,18.08
LOC-038,2022-01-07,41.65,34.54,7.79,183.52
LOC-005,2021-08-14,-10.88,43.73,13.68,40.98
LOC-015,2020-09-04,35.63,96.42,16.92,101.65
LOC-019,2020-08-26,31.77,44.08,20.55,110.5
LOC-002,2021-09-26,36.22,49.45,6.39,71.92
LOC-045,2023-05-27,38.45,80.23,25.95,195.44
LOC-026,2020-10-02,35.62,40.59,13.74,199.13
LOC-018,2020-10-07,-10.64,86.21,11.91,95.31
LOC-014,2023-06-19,35.8,96.36,7.8,85.92
LOC-047,2021-09-20,0.7,36.16,7.1,18.17
LOC-031,2020-07-29,12.09,58.27,26.13,121.98
LOC-018,2020-03-13,-1.6,81.32,21.79,23.04
LOC-039,2024-07-03,40.53,76.44,9.96,118.5
LOC-033,2022-12-01,3.92,68.42,20.52,19.95
LOC-009,2020-01-27,-6.73,64.74,5.98,153.46
LOC-006,2022-09-15,24.6,22.05,23.48,89.74
LOC-030,2021-08-30,40.78,20.26,15.27,181.98
LOC-039,2023-03-28,13.25,33.31,21.42,199.74
LOC-047,2024-04-20,27.92,76.24,25.6,48.09
LOC-008,2022-07-08,15.71,45.4,10.87,61.26
LOC-028,2023-06-10,38.87,95.52,27.08,35.93
LOC-014,2024-05-01,41.97,66.69,3.02,104.07
LOC-043,2021-05-21,42.52,82.84,6.55,156.94
LOC-041,2024-04-14,20.82,26.68,7.71,181.68
LOC-049,2023-04-04,-12.67,38.68,2.28,8.6
LOC-006,2021-04-15,25.97,62.9,5.14,185.98
LOC-028,2020-04-18,31.63,96.12,8.17,62.24
LOC-047,2023-04-16,10.51,88.48,5.1,75.49
LOC-017,2022-07-19,9.81,84.64,24.58,183.66
LOC-044,2023-03-11,15.53,62.23,7.03,104.79
LOC-003,2023-07-02,40.66,61.48,14.8,138.94
LOC-019,2021-04-03,-3.52,68.75,18.08,2.64
LOC-038,2024-04-20,34.88,41.08,25.7,12.5
LOC-037,2022-03-11,32.19,37.79,6.02,47.19
LOC-041,2024-07-14,40.29,56.41,23.55,46.11
LOC-037,2022-01-29,3.68,45.27,7.77,6.91
LOC-036,2021-12-04,22.1,54.5,24.96,103.07
LOC-024,2023-05-01,12.36,25.56,28.17,198.82
LOC-003,2020-09-29,32.84,26.47,25.42,98.88
LOC-042,2022-09-24,29.61,25.23,7.56,133.91
LOC-025,2021-09-25,-13.16,76.3,24.1,179.03
LOC-045,2020-12-03,-12.12,31.42,8.52,71.64
LOC-037,2021-01-17,23.21,58.94,5.3,169.62
LOC-012,2022-01-18,5.1,59.2,1.21,182.83
LOC-013,2024-05-11,-0.8,24.9,13.41,99.04
LOC-026,2024-08-07,39.08,27.43,21.85,119.31
LOC-024,2021-02-22,44.47,99.59,15.61,140.2
LOC-039,2023-11-16,17.38,27.83,13.9,95.33
LOC-033,2021-08-30,13.79,81.99,5.11,54.52
LOC-043,2023-07-14,22.33,67.88,13.01,112.85
LOC-047,2020-07-15,-7.47,57.28,27.39,187.7
LOC-006,2022-03-05,-10.25,20.61,13.7,44.61
LOC-039,2024-12-07,-11.22,84.19,16.29,160.73
LOC-030,2020-10-21,23.15,67.56,23.79,58.04
LOC-006,2024-11-25,21.67,47.63,14.34,180.68
LOC-043,2021-05-25,17.31,57.6,28.11,141.23
LOC-001,2023-03-12,43.18,33.44,2.46,198.56
LOC-027,2022-09-15,33.56,76.17,24.62,182.74
LOC-031,2021-03-20,24.54,47.01,16.33,122.43
LOC-046,2024-09-17,21.55,28.6,4.28,54.29
LOC-021,2021-12-19,15.97,77.81,8.03,112.12
LOC-033,2020-03-14,23.75,32.45,29.04,3.88
LOC-046,2024-07-04,26.79,62.81,9.38,52.47
LOC-010,2023-12-06,13.54,24.5,11.63,1.38
LOC-049,2024-11-18,11.05,59.31,27.22,98.07
LOC-007,2022-05-10,41.45,29.39,10.78,150.88
LOC-020,2021-07-06,23.94,66.0,28.05,160.97
LOC-018,2022-02-14,25.78,36.27,19.87,1.56
LOC-016,2021-04-13,32.7,68.29,23.57,190.12
LOC-041,2020-03-01,-9.33,96.6,23.71,56.55
LOC-008,2024-11-18,6.72,88.85,18.07,34.71
LOC-021,2020-12-15,-12.46,50.7,10.13,7.33
LOC-047,2022-06-16,-1.66,44.94,25.61,126.28
LOC-009,2021-02-19,1.34,75.63,6.13,26.9
LOC-010,2020-11-19,1.98,99.87,3.49,170.24
LOC-024,2021-06-22,-10.76,93.16,3.29,140.93
LOC-011,2021-04-04,11.86,51.25,21.95,117.22
LOC-029,2022-10-01,4.65,40.83,22.47,96.73
LOC-022,2023-05-15,43.19,67.76,20.29,163.84
LOC-031,2022-12-26,32.04,68.32,10.08,151.63
LOC-012,2020-06-08,-6.24,73.1,15.76,87.68
LOC-035,2022-03-16,-0.3,53.11,6.17,33.1
LOC-042,2024-05-10,22.46,37.86,15.83,16.73
LOC-041,2023-04-11,33.74,76.13,17.12,108.9
LOC-043,2022-08-01,-13.24,42.93,2.9,2.35
LOC-033,2022-02-11,29.05,58.64,25.31,70.05
LOC-039,2023-03-07,-9.09,24.62,3.34,83.49
LOC-001,2021-04-23,21.12,98.08,23.19,168.55
LOC-037,2023-10-24,0.07,47.97,9.29,7.26
LOC-012,2023-11-12,22.81,34.9,28.08,74.75
LOC-036,2020-03-12,27.77,69.41,7.18,88.74
LOC-008,2020-02-16,-6.43,67.89,28.82,162.89
LOC-007,2021-03-17,11.56,28.79,15.79,146.46
LOC-005,2024-04-18,25.6,27.42,13.1,70.61
LOC-042,2021-05-31,37.51,20.72,3.11,34.66
LOC-016,2024-01-02,6.17,68.49,5.59,64.13
LOC-021,2022-06-22,20.78,45.52,20.43,132.15
LOC-026,2020-03-29,39.14,41.21,20.41,161.38
LOC-046,2020-09-17,-8.77,26.7,27.23,115.09
LOC-036,2022-12-07,-7.43,29.65,28.36,142.94
LOC-032,2021-03-12,14.32,88.99,25.53,197.11
LOC-026,2024-09-14,31.69,42.33,5.18,136.39
LOC-011,2023-03-19,5.27,48.39,6.34,114.3
LOC-003,2020-08-23,29.77,80.45,27.85,166.09
LOC-039,2020-02-26,29.76,57.47,27.15,157.6
LOC-010,2024-02-18,37.97,71.15,9.94,60.56
LOC-023,2022-05-05,43.84,35.64,29.07,4.48
LOC-028,2020-01-19,40.21,25.85,15.35,56.12
LOC-016,2020-11-10,13.93,66.1,12.95,107.44
LOC-040,2023-02-02,24.84,25.44,11.13,163.68
LOC-044,2023-09-18,35.49,33.94,23.65,197.24
LOC-008,2023-03-02,-9.19,48.58,20.48,49.75
LOC-021,2020-01-22,31.26,89.83,25.62,151.88
LOC-025,2023-03-25,6.01,42.02,3.85,194.93
LOC-004,2021-10-31,0.64,74.75,3.48,197.58
LOC-019,2021-03-10,39.95,37.56,23.61,5.48
LOC-024,2024-12-07,9.59,34.7,12.46,44.77
LOC-045,2022-11-28,-8.04,44.3,7.44,78.23
LOC-007,2021-07-27,24.76,41.74,22.1,88.14
LOC-021,2022-11-19,-1.83,85.62,5.75,88.15
LOC-045,2020-04-14,41.64,57.64,5.67,181.94
LOC-035,2020-11-04,-2.75,92.42,24.79,164.83
LOC-038,2020-01-24,2.94,71.02,24.35,54.05
LOC-013,2024-12-31,34.87,64.44,7.93,30.75
LOC-040,2023-07-04,21.59,54.42,5.87,56.11
LOC-029,2024-06-18,19.4,38.22,20.26,3.52
LOC-022,2021-03-14,-2.17,26.83,8.88,75.42
LOC-016,2022-09-25,-8.12,62.42,9.44,177.4
LOC-013,2022-06-16,17.59,73.33,8.91,14.36
LOC-026,2021-09-26,0.37,99.2,13.43,147.96
LOC-011,2024-10-27,32.8,97.64,6.54,77.29
LOC-031,2024-07-13,15.62,30.44,3.15,3.1
LOC-010,2024-05-20,-0.07,93.27,29.15,157.0
LOC-033,2023-06-25,15.9,69.76,13.56,45.59
LOC-003,2024-05-01,8.57,24.07,3.01,40.77
LOC-046,2024-05-22,3.71,32.19,9.57,114.66
LOC-027,2021-11-10,21.06,98.19,14.37,77.04
LOC-001,2024-12-20,42.84,50.55,12.06,51.99
LOC-003,2020-11-29,40.78,60.98,11.54,90.06
LOC-029,2023-04-05,20.71,86.47,28.64,33.71
LOC-007,2024-04-28,31.5,74.87,11.32,79.93
LOC-009,2020-12-18,20.5,91.16,9.55,125.56
LOC-044,2022-05-04,15.32,93.03,21.76,138.65
LOC-033,2022-05-09,16.0,48.24,29.52,142.15
LOC-010,2021-03-02,29.82,85.96,8.56,13.45
LOC-024,2020-12-27,24.8,30.47,5.28,192.96
LOC-019,2023-04-05,16.24,86.08,22.34,2.19
LOC-013,2022-10-16,31.17,47.18,8.16,64.51
LOC-014,2023-11-22,17.01,73.5,15.05,33.29
LOC-024,2022-01-03,-14.39,29.4,12.83,24.28
LOC-010,2024-10-18,35.15,57.75,19.03,57.13
LOC-003,2021-05-27,-4.79,43.34,8.09,85.77
LOC-043,2022-02-28,38.95,63.98,13.27,27.55
LOC-026,2023-07-03,18.88,20.96,17.85,126.35
LOC-033,2024-07-30,-11.19,71.84,8.24,102.9
LOC-025,2022-04-03,14.53,95.07,27.6,189.4
LOC-048,2021-10-26,8.64,86.08,15.87,196.93
LOC-025,2021-01-03,13.56,79.11,10.84,165.89
LOC-025,2024-04-21,44.42,62.55,14.81,113.91
LOC-035,2022-03-19,28.18,44.74,11.26,158.92
LOC-013,2020-10-14,2.31,57.1,3.4,42.54
LOC-032,2021-08-19,44.44,89.03,6.52,182.47
LOC-009,2020-11-25,-2.53,75.54,28.91,149.88
LOC-009,2024-12-21,24.43,28.9,7.95,27.26
LOC-008,2022-05-17,15.92,57.86,27.68,97.41
LOC-006,2024-03-26,-3.63,49.06,3.69,107.79
LOC-019,2024-02-27,14.32,44.67,1.55,72.11
LOC-027,2024-12-09,-7.37,25.11,17.45,75.98
LOC-018,2020-01-21,21.94,66.93,13.25,60.79
LOC-037,2021-04-19,-0.34,32.78,13.0,188.15
LOC-042,2021-10-28,-7.78,56.12,16.49,52.29
LOC-006,2020-09-08,-1.25,57.48,3.21,45.15
LOC-049,2022-01-03,8.56,40.83,14.32,42.96
LOC-041,2023-11-13,7.19,58.69,27.41,118.13
LOC-014,2023-01-01,-7.69,51.78,11.42,8.34
LOC-048,2021-10-30,8.6,69.68,12.06,180.2
LOC-020,2020-02-25,-5.49,46.16,19.76,113.33
LOC-032,2022-12-13,20.68,45.24,17.36,172.46
LOC-026,2024-06-01,-3.04,28.01,1.59,179.29
LOC-017,2023-03-21,22.03,57.32,27.76,180.19
LOC-011,2024-07-01,-1.5,74.28,14.98,1.27
LOC-023,2020-12-20,28.31,43.71,23.61,198.37
LOC-049,2024-12-12,31.42,69.09,25.07,196.39
LOC-011,2023-02-03,33.18,79.21,7.04,168.91
LOC-022,2024-11-01,5.93,86.04,11.1,89.44
LOC-010,2023-01-06,32.42,33.51,24.27,63.53
LOC-037,2024-03-28,26.21,33.97,27.58,158.84
LOC-036,2022-06-13,-11.28,63.99,9.69,76.35
LOC-039,2021-01-14,34.14,36.15,22.55,102.08
LOC-041,2024-12-05,-0.54,64.19,29.56,104.73
LOC-048,2023-06-29,7.92,50.27,18.89,85.67
LOC-009,2020-10-23,0.03,54.51,13.25,173.46
LOC-007,2021-07-05,4.12,61.0,15.59,5.02
LOC-016,2023-03-01,-5.21,38.54,16.17,164.47
LOC-032,2024-01-30,32.15,39.12,24.55,56.01
LOC-037,2020-12-05,-6.98,58.95,8.68,96.97
LOC-035,2022-09-14,31.16,75.79,28.05,101.46
LOC-026,2021-10-10,28.29,55.72,7.67,68.94
LOC-002,2022-04-17,38.59,43.16,21.76,1.2
LOC-015,2021-10-17,-8.19,64.22,2.92,167.57
LOC-007,2023-07-28,1.02,22.9,2.77,39.76
LOC-010,2024-07-30,-11.38,95.57,10.81,158.15
LOC-020,2021-11-18,29.45,42.08,17.63,103.35
LOC-017,2022-12-05,-14.3,32.12,22.27,177.62
LOC-031,2023-08-10,43.41,40.88,18.27,190.73
LOC-038,2023-04-08,13.18,80.7,1.42,56.77
LOC-032,2024-10-23,-6.18,23.78,2.75,185.86
LOC-031,2021-01-17,25.68,72.86,29.44,175.25
LOC-043,2022-03-30,26.2,46.21,19.94,118.95
LOC-017,2024-02-03,44.07,22.98,13.57,13.52
LOC-019,2024-01-31,22.53,76.22,16.35,22.07
LOC-024,2020-12-15,-0.68,44.14,23.24,146.33
LOC-008,2024-07-24,-14.14,68.93,17.55,124.09
LOC-037,2023-08-22,38.68,70.56,3.73,46.3
LOC-045,2022-06-23,2.87,44.12,12.41,95.13
LOC-047,2024-10-13,7.66,80.75,23.04,196.57
LOC-028,2020-09-05,42.72,65.88,1.23,96.86
LOC-010,2020-11-01,-4.29,84.68,18.19,20.85
LOC-028,2022-03-09,-4.37,32.23,25.87,76.49
LOC-036,2024-05-06,-4.91,36.24,23.73,113.8
LOC-005,2020-05-20,-12.15,34.69,25.87,79.23
LOC-023,2021-06-28,15.36,52.22,19.67,189.05
LOC-046,2022-05-15,26.03,85.93,15.2,123.91
LOC-010,2023-10-05,1.01,84.9,4.2,89.89
LOC-027,2024-12-28,-5.02,43.36,26.83,64.95
LOC-002,2022-02-03,-13.74,61.97,29.08,110.54
LOC-007,2021-06-02,9.68,37.32,5.33,136.32
LOC-042,2020-07-21,44.15,27.94,12.61,150.79
LOC-018,2024-06-25,7.5,98.52,8.23,52.15
LOC-035,2020-11-09,-5.57,94.55,16.6,8.59
LOC-016,2021-06-26,-5.04,92.29,27.89,62.0
LOC-025,2021-07-15,-2.99,26.39,18.8,137.43
LOC-032,2024-07-02,32.81,61.9,10.51,79.41
LOC-014,2021-02-09,19.45,34.79,24.32,7.57
LOC-003,2023-02-10,6.1,27.88,23.52,54.76
LOC-044,2022-05-31,16.38,55.76,16.14,197.84
LOC-044,2023-12-10,-13.6,22.42,6.66,115.09
LOC-044,2024-08-19,12.28,35.69,7.66,62.6
LOC-022,2024-10-04,16.74,23.69,24.9,161.47
LOC-009,2023-10-04,43.17,37.54,6.25,31.78
LOC-030,2021-12-13,37.7,92.72,10.42,186.08
LOC-036,2020-05-05,32.31,85.08,24.5,8.21
LOC-028,2021-12-24,33.97,65.46,11.65,167.96
LOC-023,2024-04-20,19.89,61.62,2.01,114.55
LOC-043,2022-08-14,22.62,92.59,29.95,107.32
LOC-040,2020-04-22,8.13,73.43,2.96,189.6
LOC-024,2022-07-08,-3.91,94.94,12.11,29.23
LOC-007,2024-01-15,42.05,28.8,9.19,102.25
LOC-004,2021-09-22,-3.56,82.1,4.18,145.09
LOC-021,2023-07-10,42.29,26.79,4.21,50.29
LOC-032,2024-12-24,16.38,55.98,3.65,19.94
LOC-024,2024-02-08,-9.48,79.24,10.19,155.48
LOC-033,2022-03-24,20.48,44.04,28.38,174.46
LOC-010,2024-07-02,12.43,95.62,9.32,50.49
LOC-012,2022-12-13,0.15,31.9,15.06,6.62
LOC-047,2022-03-15,-5.27,90.89,29.83,75.97
LOC-038,2024-09-05,34.94,47.69,19.68,194.99
LOC-024,2024-03-18,15.43,42.55,24.81,93.89
LOC-048,2023-11-21,8.22,45.98,16.91,34.06
LOC-042,2020-04-18,16.43,33.16,11.37,183.09
LOC-046,2021-09-26,26.24,40.39,8.71,16.75
LOC-022,2023-02-19,-2.77,75.32,11.41,22.43
LOC-002,2021-09-30,35.62,86.03,12.33,4.29
LOC-013,2022-01-25,29.21,25.89,1.91,130.3
LOC-016,2024-02-14,29.66,74.64,7.53,188.79
LOC-029,2023-11-25,-7.54,95.72,12.5,127.63
LOC-035,2024-10-05,9.73,74.97,12.58,61.68
LOC-036,2022-09-08,8.02,64.85,12.69,93.25
LOC-009,2020-06-25,0.23,46.23,26.82,57.16
LOC-045,2024-11-15,38.91,33.23,8.62,184.12
LOC-012,2021-11-05,34.89,69.61,17.63,64.11
LOC-046,2021-03-11,18.78,62.16,14.87,199.77
LOC-031,2024-04-29,43.82,40.37,12.96,189.09
LOC-039,2024-02-02,18.64,70.34,19.7,86.32
LOC-042,2023-09-07,-8.44,93.18,3.18,189.9
LOC-009,2020-10-05,-12.33,31.67,18.61,122.74
LOC-043,2020-05-31,20.38,22.66,15.35,118.05
LOC-016,2020-03-07,39.8,69.85,2.51,40.62
LOC-047,2022-03-14,0.55,48.52,16.82,42.09
LOC-026,2022-10-06,19.55,42.52,17.49,119.22
LOC-009,2020-08-05,24.7,23.41,2.9,40.49
LOC-014,2024-03-28,-14.26,35.37,23.46,174.53
LOC-030,2024-12-29,8.17,53.8,3.25,27.85
LOC-002,2024-07-09,27.7,53.87,29.13,132.82
LOC-021,2024-07-25,7.74,53.75,18.17,63.8
LOC-027,2022-10-12,-11.43,96.78,25.54,154.83
LOC-011,2023-04-20,10.73,28.7,27.48,81.17
LOC-035,2023-03-28,7.84,70.51,21.0,55.97
LOC-028,2023-01-06,-5.1,56.97,8.2,60.57
LOC-004,2024-04-09,24.22,92.05,1.8,130.03
LOC-046,2021-03-05,4.94,79.31,19.26,48.99
LOC-030,2022-12-29,42.0,27.06,2.76,30.66
LOC-016,2023-05-26,-8.28,73.24,18.46,39.44
LOC-033,2020-10-29,-7.06,74.76,25.93,137.16
LOC-036,2022-07-23,40.62,44.29,10.78,148.83
LOC-019,2024-08-30,-3.52,29.92,29.83,32.44
LOC-008,2024-11-22,1.31,63.13,14.36,122.57
LOC-035,2022-04-15,33.67,88.94,24.08,119.87
LOC-044,2020-08-29,3.01,92.22,23.25,141.48
LOC-046,2023-12-14,11.03,37.24,1.71,106.43
LOC-013,2021-08-27,43.79,64.25,22.08,39.98
LOC-018,2021-11-14,0.84,67.33,11.99,177.89
LOC-027,2023-08-15,2.87,64.07,5.46,141.23
LOC-029,2024-09-21,-7.21,95.35,2.12,128.44
LOC-044,2024-05-03,17.28,23.19,6.61,129.83
LOC-038,2021-09-15,23.69,73.96,9.56,52.28
LOC-020,2020-08-28,19.26,81.62,4.07,158.82
LOC-037,2023-07-14,-4.01,88.15,14.0,37.53
LOC-013,2023-09-19,30.47,22.74,16.27,86.07
LOC-049,2022-11-19,-3.9,32.1,21.42,11.32
LOC-023,2020-05-26,44.08,81.95,4.06,58.34
LOC-032,2024-04-20,32.81,38.99,29.06,50.4
LOC-030,2021-05-23,-8.66,21.92,22.45,74.19
LOC-028,2021-08-08,23.98,77.79,27.85,85.77
LOC-044,2024-12-03,38.25,73.8,6.57,161.01
LOC-048,2021-01-01,9.25,87.23,10.7,20.19
LOC-045,2022-05-22,36.87,73.03,17.52,30.16
LOC-037,2020-10-23,16.91,76.37,11.54,66.21
LOC-023,2021-09-30,21.71,52.28,10.69,153.34
LOC-032,2023-04-30,36.49,88.15,11.12,37.33
LOC-042,2020-10-31,4.06,50.65,23.66,148.26
LOC-041,2021-04-10,25.52,84.36,19.93,59.73
LOC-016,2020-06-20,15.9,55.13,1.92,101.05
LOC-019,2021-01-22,-0.8,80.37,8.37,118.97
LOC-034,2023-05-28,40.12,56.89,8.99,12.35
LOC-026,2023-12-11,-13.8,20.32,28.22,170.66
LOC-007,2023-03-11,11.62,88.82,28.65,76.05
LOC-026,2024-09-07,20.32,41.06,13.19,92.54
LOC-009,2023-07-05,-14.32,90.87,3.94,12.12
LOC-038,2024-02-12,-12.45,90.58,7.42,0.08
LOC-047,2024-03-19,8.39,65.47,4.88,116.2
LOC-019,2024-10-23,0.09,56.49,25.89,35.1
LOC-025,2023-11-07,-2.22,67.07,13.99,154.72
LOC-016,2023-03-08,29.11,71.71,27.59,178.94
LOC-002,2021-01-26,4.76,99.85,8.75,163.84
LOC-036,2023-11-01,5.45,75.04,2.15,102.9
LOC-027,2022-06-12,37.34,45.65,14.62,97.1
LOC-034,2020-06-08,3.61,36.94,8.27,175.95
LOC-034,2022-07-01,-3.11,55.66,11.45,168.97
LOC-033,2021-07-15,33.5,34.0,5.63,47.78
LOC-019,2023-08-05,19.13,48.61,27.0,157.94
LOC-028,2020-10-25,-2.17,53.37,13.26,51.92
LOC-012,2021-08-05,3.86,99.9,26.27,148.59
LOC-008,2020-09-23,-6.22,26.39,9.75,81.19
LOC-029,2023-05-06,23.54,34.5,22.22,166.9
LOC-015,2022-08-23,2.14,35.41,3.2,19.03
LOC-036,2024-10-29,37.37,92.34,3.13,98.59
LOC-003,2021-02-28,12.29,62.68,25.36,11.72
LOC-015,2021-05-15,22.7,81.81,28.84,71.34
LOC-038,2021-05-18,41.62,63.58,7.45,149.7
LOC-035,2023-12-09,14.9,68.83,20.48,126.47
LOC-044,2022-01-08,0.78,91.03,14.37,72.42
LOC-010,2023-12-27,5.35,46.25,2.11,7.78
LOC-042,2021-09-08,-8.51,79.99,25.18,165.68
LOC-007,2021-10-18,29.72,30.7,9.1,158.96
LOC-009,2024-10-14,40.46,46.43,2.59,135.39
LOC-018,2022-04-15,12.51,93.94,4.65,126.83
LOC-001,2020-10-13,1.95,40.89,11.22,185.95
LOC-010,2023-03-07,35.92,72.47,13.39,71.16
LOC-015,2024-02-19,28.07,93.78,13.77,68.54
LOC-012,2022-02-15,-11.82,27.82,23.47,180.41
LOC-008,2024-04-14,-8.04,52.14,15.4,7.79
LOC-038,2023-11-04,16.85,53.7,7.1,154.04
LOC-003,2020-11-17,21.84,26.71,4.43,3.19
LOC-034,2021-02-09,-0.32,93.49,3.06,107.46
LOC-012,2025-01-01,6.71,67.92,19.58,116.6
LOC-047,2024-03-29,-11.86,53.45,20.5,196.49
LOC-010,2023-05-14,-14.01,87.16,29.47,99.44
LOC-025,2024-06-22,25.9,28.29,25.23,87.77
LOC-013,2020-04-07,3.26,73.05,1.85,122.75
LOC-017,2021-06-05,9.17,53.29,22.22,190.59
LOC-022,2022-08-02,14.58,74.86,4.64,77.34
LOC-023,2024-02-02,0.18,44.81,10.68,90.26
LOC-002,2022-03-08,-9.43,28.97,8.36,1.95
LOC-030,2020-08-31,-3.7,60.17,27.67,30.86
LOC-008,2023-06-18,11.05,23.73,16.37,25.15
LOC-017,2021-06-13,-14.95,75.81,12.48,67.77
LOC-049,2022-09-02,36.31,50.06,21.75,55.89
LOC-029,2023-07-05,-11.12,92.48,18.82,59.03
LOC-016,2023-02-13,44.76,81.6,28.53,63.19
LOC-018,2022-03-16,-4.65,28.72,3.91,12.37
LOC-032,2020-05-26,-12.86,45.7,17.79,92.25
LOC-038,2024-05-29,25.51,82.05,1.05,87.56
LOC-015,2023-07-19,23.14,67.64,5.04,72.01
LOC-001,2024-10-23,9.9,73.24,28.49,89.39
LOC-013,2021-09-06,21.75,20.9,10.94,94.06
LOC-038,2024-05-25,29.32,89.49,27.0,21.44
LOC-004,2022-04-13,33.53,68.42,16.85,39.96
LOC-047,2022-12-29,16.47,43.23,7.26,65.67
LOC-011,2023-04-04,-0.27,32.66,27.19,39.68
LOC-039,2021-03-23,-9.37,91.98,5.24,110.26
LOC-047,2020-05-04,-0.73,49.64,14.56,90.26
LOC-021,2021-10-05,31.26,48.82,9.8,192.47
LOC-031,2024-04-25,-8.46,42.35,13.67,168.37
LOC-038,2023-02-03,4.56,23.04,12.09,168.81
LOC-049,2022-12-07,27.87,92.8,20.89,174.33
LOC-026,2020-01-31,4.24,49.83,16.38,183.15
LOC-007,2022-12-25,37.12,72.27,23.12,107.3
LOC-044,2024-03-06,28.38,28.03,3.07,183.69
LOC-027,2023-09-12,-4.38,22.53,22.81,115.85
LOC-029,2022-03-03,44.18,90.93,29.9,94.61
LOC-031,2022-04-04,21.19,69.43,12.96,85.12
LOC-010,2022-12-19,-8.7,90.34,24.3,145.59
LOC-024,2023-12-29,19.97,93.88,27.34,159.34
LOC-046,2021-06-22,-9.27,66.53,19.1,155.35
LOC-042,2023-04-25,30.88,22.54,28.04,52.77
LOC-032,2024-05-02,36.89,80.83,29.53,54.49
LOC-008,2020-04-15,12.35,67.79,13.66,124.43
LOC-042,2023-10-09,3.68,84.66,8.0,117.55
LOC-017,2020-12-30,33.17,69.0,18.99,155.97
LOC-002,2023-11-20,-9.46,47.81,8.83,84.19
LOC-048,2022-01-25,10.17,54.21,19.61,164.09
LOC-002,2023-07-16,13.19,98.47,23.45,99.25
LOC-012,2020-08-10,40.15,47.23,28.75,160.75
LOC-016,2022-09-04,30.4,99.0,9.92,62.8
LOC-038,2021-08-05,-1.19,57.58,25.12,11.92
LOC-041,2022-05-08,-5.79,73.69,21.05,187.16
LOC-049,2021-04-21,-6.25,73.77,12.59,25.2
LOC-039,2021-08-16,44.29,34.68,28.93,121.02
LOC-044,2024-06-08,44.14,78.54,17.83,0.9
LOC-031,2023-06-21,16.42,52.67,28.94,136.92
LOC-049,2023-12-03,31.49,50.75,15.8,74.65
LOC-045,2020-10-06,7.35,30.89,29.67,189.84
LOC-008,2021-07-09,35.49,32.4,21.86,179.39
LOC-009,2023-10-04,4.85,45.42,19.82,24.95
LOC-049,2022-07-28,18.15,37.13,1.37,127.57
LOC-018,2024-09-08,38.6,23.15,25.86,123.39
LOC-023,2022-11-11,42.71,90.87,26.3,171.9
LOC-003,2022-01-09,24.29,52.87,26.7,11.73
LOC-031,2021-12-14,3.79,35.45,8.59,190.52
LOC-032,2023-02-24,-14.99,66.36,22.2,81.51
LOC-023,2023-03-24,-11.87,62.02,15.17,186.12
LOC-032,2022-06-01,6.11,64.44,26.21,102.16
LOC-039,2020-07-21,43.0,30.58,19.78,93.0
LOC-015,2021-06-05,-11.2,52.3,27.01,138.43
LOC-041,2024-01-31,41.93,27.36,7.69,185.71
LOC-047,2022-09-16,-9.68,44.26,7.36,36.64
LOC-011,2023-08-24,23.56,33.09,2.83,161.65
LOC-049,2022-02-14,6.37,30.92,28.14,25.62
LOC-038,2024-04-30,35.16,94.11,19.13,175.23
LOC-014,2024-12-13,-1.49,63.7,7.39,195.06
LOC-048,2024-09-18,32.14,47.29,19.83,40.53
LOC-009,2020-06-18,9.79,66.88,26.93,180.17
LOC-023,2020-01-31,34.12,26.83,21.31,11.0
LOC-034,2024-07-19,7.06,51.51,5.24,94.82
LOC-012,2021-01-19,41.86,81.75,27.53,93.81
LOC-037,2024-06-15,15.81,50.66,9.96,175.94
LOC-033,2021-03-17,-11.21,36.52,11.68,86.2
LOC-010,2024-10-14,2.04,24.88,1.71,75.34
LOC-026,2021-10-04,8.71,38.39,23.88,199.56
LOC-014,2024-10-07,33.74,88.96,21.52,39.2
LOC-019,2024-11-21,33.01,26.53,16.94,118.14
LOC-017,2022-06-24,-6.69,60.95,14.89,134.4
LOC-029,2024-11-20,28.56,72.2,27.97,119.9
LOC-011,2023-12-08,7.64,26.03,10.35,144.56
LOC-009,2022-03-14,2.34,66.5,11.78,43.29
LOC-009,2020-03-29,22.4,28.95,20.02,130.28
LOC-037,2020-09-08,19.31,64.48,6.9,178.07
LOC-005,2022-03-24,36.67,69.85,26.42,50.18
LOC-006,2023-03-13,8.48,99.35,27.37,91.13
LOC-027,2020-06-29,17.26,49.7,25.36,118.67
LOC-038,2021-05-23,24.56,49.03,1.46,143.49
LOC-002,2021-06-29,1.93,86.71,6.73,16.15
LOC-008,2023-04-24,15.37,87.55,12.52,58.24
LOC-026,2022-11-06,43.47,82.76,9.77,109.24
LOC-043,2021-03-22,21.31,50.19,14.43,43.32
LOC-025,2021-11-13,10.92,20.71,9.93,57.49
LOC-049,2020-02-11,16.73,33.98,5.13,129.39
LOC-024,2023-07-19,7.83,31.72,26.85,148.61
LOC-014,2022-03-27,0.6,38.97,23.84,0.11
LOC-047,2020-01-03,23.75,83.57,3.74,61.1
LOC-025,2024-02-07,-12.49,48.03,7.94,182.22
LOC-005,2022-04-26,3.02,32.45,24.0,35.11
LOC-008,2023-01-30,16.43,72.55,16.99,143.91
LOC-004,2020-09-14,27.12,35.76,17.83,43.41
LOC-012,2020-03-21,3.88,84.0,26.42,151.98
LOC-045,2020-12-12,29.65,52.32,21.06,135.32
LOC-009,2023-12-23,-2.8,64.11,4.08,29.43
LOC-029,2023-07-10,8.02,98.39,16.26,127.6
LOC-023,2024-06-19,31.55,95.92,16.25,44.35
LOC-001,2020-12-04,-8.94,98.92,18.27,56.71
LOC-010,2020-05-24,11.34,62.81,5.22,55.51
LOC-030,2022-09-06,-7.8,95.94,1.12,82.28
LOC-021,2022-03-18,31.81,65.73,11.38,148.51
LOC-020,2023-04-08,-12.85,95.98,19.08,85.75
LOC-012,2022-10-02,23.44,96.44,7.53,146.29
LOC-007,2021-11-12,35.91,88.61,26.49,34.06
LOC-012,2023-07-08,43.69,46.25,26.91,11.52
LOC-041,2020-04-30,2.62,78.27,1.11,53.33
LOC-003,2022-07-30,-13.92,35.02,25.85,172.87
LOC-030,2024-05-21,34.37,40.07,5.28,109.9
LOC-001,2022-01-14,16.38,42.72,29.17,102.37
LOC-024,2020-11-17,36.15,98.41,17.08,141.14
LOC-044,2022-09-09,-7.23,33.91,7.05,47.03
LOC-019,2023-08-30,-11.85,88.59,10.32,58.91
LOC-026,2022-11-25,22.81,36.32,24.9,158.33
LOC-002,2023-08-27,4.83,94.04,23.66,11.82
LOC-008,2020-11-27,39.38,65.64,27.71,145.78
LOC-049,2020-06-07,0.27,67.57,2.43,76.86
LOC-033,2021-10-30,33.26,45.86,26.43,14.68
LOC-005,2020-04-14,-7.87,28.46,18.24,5.51
LOC-011,2022-10-23,20.45,84.59,12.24,98.29
LOC-032,2022-05-07,34.52,59.5,15.63,102.7
LOC-003,2024-09-23,34.79,76.32,18.17,129.45
LOC-014,2022-03-11,10.64,79.53,3.41,161.38
LOC-020,2023-09-14,27.56,73.51,23.02,156.45
LOC-023,2023-03-22,38.99,60.11,22.67,194.82
LOC-038,2021-03-14,37.39,68.28,5.56,166.0
LOC-013,2023-05-11,21.72,77.7,26.04,192.26
LOC-045,2021-01-15,-3.54,63.26,9.7,26.99
LOC-014,2023-10-14,-4.35,51.03,24.59,160.27
LOC-020,2023-07-01,7.0,72.36,21.94,122.51
LOC-014,2024-10-27,21.31,42.18,23.48,84.53
LOC-045,2021-06-08,24.7,67.04,12.48,158.47
LOC-042,2023-08-16,-2.35,33.04,9.1,81.03
LOC-039,2020-01-09,15.33,38.68,6.17,69.26
LOC-006,2024-10-06,-5.31,56.95,7.58,140.79
LOC-018,2023-03-03,-9.81,35.92,1.73,192.17
LOC-049,2020-05-11,-9.31,82.7,15.73,63.54
LOC-043,2022-05-25,33.32,37.06,2.29,168.53
LOC-006,2023-09-13,18.41,92.5,28.89,143.02
LOC-046,2020-03-08,23.63,25.2,26.32,0.72
LOC-023,2023-06-22,12.73,75.52,22.81,187.88
LOC-008,2020-12-07,13.8,29.51,20.16,97.73
LOC-017,2023-07-10,41.43,46.59,14.05,158.06
LOC-028,2022-05-19,34.51,22.63,5.03,18.86
LOC-020,2024-07-23,3.43,49.87,27.57,91.37
LOC-003,2021-10-19,26.58,81.91,12.88,48.0
LOC-011,2020-07-17,12.29,42.81,14.13,102.01
LOC-033,2020-05-28,1.06,77.0,6.28,193.35
LOC-014,2023-11-22,23.1,58.06,3.75,160.89
LOC-035,2022-08-28,25.34,48.74,8.95,195.57
LOC-023,2023-04-15,17.5,55.36,21.61,83.72
LOC-020,2022-01-10,35.29,30.3,9.86,185.06
LOC-013,2022-10-24,5.28,47.27,12.93,49.56
LOC-016,2024-01-11,-14.45,24.72,8.65,162.2
LOC-045,2020-11-02,42.02,21.79,20.89,0.9
LOC-049,2021-06-12,37.72,58.63,23.14,143.46
LOC-013,2022-07-13,37.95,73.82,18.78,44.39
LOC-022,2023-02-07,3.05,48.36,1.47,119.61
LOC-003,2022-11-17,-7.06,42.98,16.18,41.16
LOC-028,2021-10-08,26.38,99.89,24.36,39.91
LOC-027,2023-02-19,-2.45,86.95,28.35,164.33
LOC-044,2020-03-14,32.56,68.3,26.74,3.34
LOC-014,2024-04-04,34.41,42.75,18.51,60.04
LOC-036,2022-01-05,17.75,58.18,15.2,115.35
LOC-033,2022-12-24,25.21,24.13,27.32,24.94
LOC-005,2020-06-11,-1.54,41.51,10.22,185.66
LOC-029,2022-04-03,23.71,76.86,25.67,92.37
LOC-047,2020-03-19,5.08,69.17,27.75,139.91
LOC-034,2023-02-22,32.13,66.78,9.25,122.11
LOC-024,2023-05-30,-5.36,20.64,14.24,49.73
LOC-029,2023-01-11,31.2,25.98,26.2,86.56
LOC-030,2023-10-07,4.34,89.52,22.38,139.63
LOC-029,2020-09-12,5.51,23.57,26.88,169.64
LOC-047,2022-01-23,32.85,73.38,13.88,158.69
LOC-006,2024-10-26,3.36,97.62,26.1,12.8
LOC-007,2021-01-02,28.88,37.57,20.06,64.81
